IMPLEMENTO;DENOMINACIÓN
AZ-1;AZUFRADOR PARADA 1
AZ-10;AZUFRADOR PARADA 10
AZ-11;AZUFRADOR PARADA 11
AZ-12;AZUFRADOR PARADA 12
AZ-13;AZUFRADOR PARADA 13
AZ-14;AZUFRADOR PARADA 14
AZ-15;AZUFRADOR PARADA 15
AZ-16;AZUFRADOR PARADA 16
AZ-17;AZUFRADOR PARADA 17
AZ-18;AZUFRADOR PARADA 18
AZ-2;AZUFRADOR PARADA 2
AZ-20;AZUFRADOR PARADA 20
AZ-21;AZUFRADOR PARADA 21
AZ-22;AZUFRADOR PARADA 22
AZ-23;AZUFRADOR PARADA 23
AZ-24;AZUFRADOR PARADA 24
AZ-25;AZUFRADOR PARADA 25
AZ-26;AZUFRADOR PARADA 26
AZ-27;AZUFRADOR PARADA 27
AZ-28;AZUFRADOR PARADA 28
AZ-3;AZUFRADOR PARADA 3
AZ-4;AZUFRADOR PARADA 4
AZ-5;AZUFRADOR PARADA 5
AZ-6;AZUFRADOR PARADA 6
AZ-7;AZUFRADOR PARADA 7
AZ-8;AZUFRADOR PARADA 8
AZ-9;AZUFRADOR PARADA 9
PATO;AZUFRADOR PARADA A5
AZ-VMA;Azufrador VMA
C-1-E;CARRETA CON ESTRIBO ARO 12 N° 01
C-2-E;CARRETA CON ESTRIBO ARO 12 N° 02
C-3-E;CARRETA CON ESTRIBO ARO 12 N° 03
C-4-E;CARRETA CON ESTRIBO ARO 12 N° 04
C-5-E;CARRETA CON ESTRIBO ARO 12 N° 05
C-6-E;CARRETA CON ESTRIBO ARO 12 N° 06
C-7-E;CARRETA CON ESTRIBO ARO 12 N° 07
C-8-E;CARRETA CON ESTRIBO ARO 12 N° 08
C-9-E;CARRETA CON ESTRIBO ARO 12 N° 09
C-10-E;CARRETA CON ESTRIBO ARO 12 N° 10
C-11-E;CARRETA CON ESTRIBO ARO 12 N° 11
C-12-E;CARRETA CON ESTRIBO ARO 14 N° 12
C-13-E;CARRETA CON ESTRIBO ARO 14 N° 13
C-14-E;CARRETA CON ESTRIBO ARO 14 N° 14 SERV
C-15-E;CARRETA CON ESTRIBO ARO 14 N° 15 SERV
C-16-E;CARRETA CON ESTRIBO ARO 14 N° 16 APLIC.
C-17-E;CARRETA CON ESTRIBO ARO 14 N° 17 APLIC.
C-18-E;CARRETA CON ESTRIBO ARO 14 N° 18 APLIC.
C-100-P;CARRETA CON PLATAFORMA 100
C-101-P;CARRETA CON PLATAFORMA 101
C-102-P;CARRETA CON PLATAFORMA 102
C-103-P;CARRETA CON PLATAFORMA 103
C-104-P;CARRETA CON PLATAFORMA 104
C-105-P;CARRETA CON PLATAFORMA 105
C-106-P;CARRETA CON PLATAFORMA 106
C-107-P;CARRETA CON PLATAFORMA 107
C-108-P;CARRETA CON PLATAFORMA 108
C-109-P;CARRETA CON PLATAFORMA 109
C-110-P;CARRETA CON PLATAFORMA 110
C-111-P;CARRETA CON PLATAFORMA 111
C-112-P;CARRETA CON PLATAFORMA 112
C-113-P;CARRETA CON PLATAFORMA 113
C-114-P;CARRETA CON PLATAFORMA 114
C-115-P;CARRETA CON PLATAFORMA 115
C-116-P;CARRETA CON PLATAFORMA 116
C-117-P;CARRETA CON PLATAFORMA 117
C-118-P;CARRETA CON PLATAFORMA 118
C-119-P;CARRETA CON PLATAFORMA 119
C-120-P;CARRETA CON PLATAFORMA 120
C-121-P;CARRETA CON PLATAFORMA 121
C-122-P;CARRETA CON PLATAFORMA 122
C-74-P;CARRETA CON PLATAFORMA 74
C-75-P;CARRETA CON PLATAFORMA 75
C-76-P;CARRETA CON PLATAFORMA 76
C-77-P;CARRETA CON PLATAFORMA 77
C-78-P;CARRETA CON PLATAFORMA 78
C-79-P;CARRETA CON PLATAFORMA 79
C-80-P;CARRETA CON PLATAFORMA 80
C-81-P;CARRETA CON PLATAFORMA 81
C-82-P;CARRETA CON PLATAFORMA 82
C-83-P;CARRETA CON PLATAFORMA 83
C-84-P;CARRETA CON PLATAFORMA 84
C-85-P;CARRETA CON PLATAFORMA 85
C-86-P;CARRETA CON PLATAFORMA 86
C-87-P;CARRETA CON PLATAFORMA 87
C-88-P;CARRETA CON PLATAFORMA 88
C-89-P;CARRETA CON PLATAFORMA 89
C-90-P;CARRETA CON PLATAFORMA 90
C-91-P;CARRETA CON PLATAFORMA 91
C-92-P;CARRETA CON PLATAFORMA 92
C-93-P;CARRETA CON PLATAFORMA 93
C-94-P;CARRETA CON PLATAFORMA 94
C-95-P;CARRETA CON PLATAFORMA 95
C-96-P;CARRETA CON PLATAFORMA 96
C-97-P;CARRETA CON PLATAFORMA 97
C-98-P;CARRETA CON PLATAFORMA 98
C-99-P;CARRETA CON PLATAFORMA 99
C-27-P;CARRETA CON PLATAFORMA N° 27
C-39-P;CARRETA CON PLATAFORMA N° 39
C-S01-P;CARRETA CON PLATAFORMA S01
C-S02-P;CARRETA CON PLATAFORMA S02
C-S03-P;CARRETA CON PLATAFORMA S03
C-S04-P;CARRETA CON PLATAFORMA S04
C-1-P;CARRETA CON PLATFORMA 1
C-10-P;CARRETA CON PLATFORMA 10
C-11-P;CARRETA CON PLATFORMA 11
C-12-P;CARRETA CON PLATFORMA 12
C-13-P;CARRETA CON PLATFORMA 13
C-14-P;CARRETA CON PLATFORMA 14
C-15-P;CARRETA CON PLATFORMA 15
C-16-P;CARRETA CON PLATFORMA 16
C-17-P;CARRETA CON PLATFORMA 17
C-18-P;CARRETA CON PLATFORMA 18
C-19-P;CARRETA CON PLATFORMA 19
C-2-P;CARRETA CON PLATFORMA 2
C-20-P;CARRETA CON PLATFORMA 20
C-21-P;CARRETA CON PLATFORMA 21
C-22-P;CARRETA CON PLATFORMA 22
C-23-P;CARRETA CON PLATFORMA 23
C-24-P;CARRETA CON PLATFORMA 24
C-25-P;CARRETA CON PLATFORMA 25
C-26-P;CARRETA CON PLATFORMA 26
C-28-P;CARRETA CON PLATFORMA 28
C-29-P;CARRETA CON PLATFORMA 29
C-3-P;CARRETA CON PLATFORMA 3
C-30-P;CARRETA CON PLATFORMA 30
C-31-P;CARRETA CON PLATFORMA 31
C-32-P;CARRETA CON PLATFORMA 32
C-33-P;CARRETA CON PLATFORMA 33
C-34-P;CARRETA CON PLATFORMA 34
C-35-P;CARRETA CON PLATFORMA 35
C-36-P;CARRETA CON PLATFORMA 36
C-37-P;CARRETA CON PLATFORMA 37
C-38-P;CARRETA CON PLATFORMA 38
C-4-P;CARRETA CON PLATFORMA 4
C-40-P;CARRETA CON PLATFORMA 40
C-41-P;CARRETA CON PLATFORMA 41
C-42-P;CARRETA CON PLATFORMA 42
C-43-P;CARRETA CON PLATFORMA 43
C-44-P;CARRETA CON PLATFORMA 44
C-45-P;CARRETA CON PLATFORMA 45
C-46-P;CARRETA CON PLATFORMA 46
C-47-P;CARRETA CON PLATFORMA 47
C-48-P;CARRETA CON PLATFORMA 48
C-49-P;CARRETA CON PLATFORMA 49
C-5-P;CARRETA CON PLATFORMA 5
C-50-P;CARRETA CON PLATFORMA 50
C-51-P;CARRETA CON PLATFORMA 51
C-52-P;CARRETA CON PLATFORMA 52
C-53-P;CARRETA CON PLATFORMA 53
C-54-P;CARRETA CON PLATFORMA 54
C-55-P;CARRETA CON PLATFORMA 55
C-56-P;CARRETA CON PLATFORMA 56
C-57-P;CARRETA CON PLATFORMA 57
C-58-P;CARRETA CON PLATFORMA 58
C-59-P;CARRETA CON PLATFORMA 59
C-6-P;CARRETA CON PLATFORMA 6
C-60-P;CARRETA CON PLATFORMA 60
C-61-P;CARRETA CON PLATFORMA 61
C-62-P;CARRETA CON PLATFORMA 62
C-63-P;CARRETA CON PLATFORMA 63
C-64-P;CARRETA CON PLATFORMA 64
C-66-P;CARRETA CON PLATFORMA 66
E-7;ELECTROSTATICA ON TARGET I-07
??;PICADORA ZANON TCK 01
C-7-P;CARRETA CON PLATFORMA 7
C-70-P;CARRETA CON PLATFORMA 70
C-71-P;CARRETA CON PLATFORMA 71
C-72-P;CARRETA CON PLATFORMA 72
C-73-P;CARRETA CON PLATFORMA 73
C-8-P;CARRETA CON PLATFORMA 8
C-9-P;CARRETA CON PLATFORMA 9
CH;CHATIN
E-0;ELECTROSTATICA ESS 1
E-1;ELECTROSTATICA ON TARGET 1
E-2;ELECTROSTATICA ON TARGET 2
E-3;ELECTROSTATICA ON TARGET 3
E-4;ELECTROSTATICA ON TARGET 4
CAL;MASTER 5500DH EI
AR-1;NEBULIZADOR ARBUS N° 01
AR-2;NEBULIZADOR ARBUS N° 02
AR-3;NEBULIZADOR ARBUS N° 03
1;NEBULIZADOR PARADA 1
10;NEBULIZADOR PARADA 10
11;NEBULIZADOR PARADA 11
12;NEBULIZADOR PARADA 12
13;NEBULIZADOR PARADA 13
14;NEBULIZADOR PARADA 14
15;NEBULIZADOR PARADA 15
16;NEBULIZADOR PARADA 16
17;NEBULIZADOR PARADA 17
18;NEBULIZADOR PARADA 18
19;NEBULIZADOR PARADA 19
2;NEBULIZADOR PARADA 2
20;NEBULIZADOR PARADA 20
21;NEBULIZADOR PARADA 21
22;NEBULIZADOR PARADA 22
23;NEBULIZADOR PARADA 23
24;NEBULIZADOR PARADA 24
25;NEBULIZADOR PARADA 25
26;NEBULIZADOR PARADA 26
27;NEBULIZADOR PARADA 27
28;NEBULIZADOR PARADA 28
29;NEBULIZADOR PARADA 29
3;NEBULIZADOR PARADA 3
30;NEBULIZADOR PARADA 30
31;NEBULIZADOR PARADA 31
32;NEBULIZADOR PARADA 32
33;NEBULIZADOR PARADA 33
4;NEBULIZADOR PARADA 4
5;NEBULIZADOR PARADA 5
6;NEBULIZADOR PARADA 6
7;NEBULIZADOR PARADA 7
8;NEBULIZADOR PARADA 8
9;NEBULIZADOR PARADA 9
LECHERA;NEBULIZADORA ELECTROBLAST
D-1;PODADORA DE DISCO PREMIUM 1
D-2;PODADORA DE DISCO PREMIUM 2
A-01;PULVERIZADOR ELECTROSTATICO
A-1;PULVERIZADOR UNIGREEN 1
A-3;PULVERIZADOR UNIGREEN 3
TANQUE;TANQUE
P-1;TRITURADOR ALAIN SAVARD 1
P-2;TRITURADOR ALAIN SAVARD 2
P-3;TRITURADOR ALAIN SAVARD 3
P-4;TRITURADOR ALAIN SAVARD 4
P-5;TRITURADOR ALAIN SAVARD 5
P-6;TRITURADOR ALAIN SAVARD 6
T-1;TURBO ATOMIZADOR N° 01
T-2;TURBO ATOMIZADOR N° 02
T-3;TURBO ATOMIZADOR N° 03
T-4;TURBO ATOMIZADOR N° 04
T-5;TURBO ATOMIZADOR N° 05
T-6;TURBO ATOMIZADOR N° 06
T-7;TURBO ATOMIZADOR N° 07
T-8;TURBO ATOMIZADOR N° 08
T-9;TURBO ATOMIZADOR N° 09
T-10;TURBO ATOMIZADOR N° 10
T-11;TURBO ATOMIZADOR N° 11
T-12;TURBO ATOMIZADOR N° 12
T-13;TURBO ATOMIZADOR N° 13
T-14;TURBO ATOMIZADOR N° 14
T-15;TURBO ATOMIZADOR N° 15
T-16;TURBO ATOMIZADOR N° 16
T-17;TURBO ATOMIZADOR N° 17
T-18;TURBO ATOMIZADOR N° 18
T-19;TURBO ATOMIZADOR N° 19
T-20;TURBO ATOMIZADOR N° 20
T-21;TURBO ATOMIZADOR N° 21
T-22;TURBO ATOMIZADOR N° 22
T-23;TURBO ATOMIZADOR N° 23
T-24;TURBO ATOMIZADOR N° 24
T-25;TURBO ATOMIZADOR N° 25
T-26;TURBO ATOMIZADOR N° 26
T-27;TURBO ATOMIZADOR N° 27
T-28;TURBO ATOMIZADOR N° 28
T-29;TURBO ATOMIZADOR N° 29
T-30;TURBO ATOMIZADOR N° 30
T-31;TURBO ATOMIZADOR N° 31
T-32;TURBO ATOMIZADOR N° 32
BG-1;TURBOATOMIZADOR BIGGER I-01
BG-2;TURBOATOMIZADOR BIGGER I-02
BG-3;TURBOATOMIZADOR BIGGER I-03
BG-4;TURBOATOMIZADOR BIGGER I-04
BG-5;TURBOATOMIZADOR BIGGER I-05
BG-6;TURBOATOMIZADOR BIGGER I-06
BG-7;TURBOATOMIZADOR BIGGER I-07
BG-8;TURBOATOMIZADOR BIGGER I-08
BG-9;TURBOATOMIZADOR BIGGER I-09
BASURERO;VOLQUETE CARRETA (BASURERO)
CACHUCHA;VOLQUETE CARRETA (CARGADOR DE PIEDRAS)
GARRA;GARRA
NIVELADOR;NIVELADOR
PALA;PALA
PARRILLA;PARRILLA
PUNTA;PUNTA
RASTRILLO;RASTRILLO
ARADO;ARADO
SEMBRADORA;SEMBRADORA
E-5;ELECTROSTATICA ON TARGET 5
C-138-P;CARRETA CON PLATFORMA 138
C-139-P;CARRETA CON PLATFORMA 139
C-140-P;CARRETA CON PLATFORMA 140
C-141-P;CARRETA CON PLATFORMA 141
C-142-P;CARRETA CON PLATFORMA 142
C-143-P;CARRETA CON PLATFORMA 143
C-144-P;CARRETA CON PLATFORMA 144
C-145-P;CARRETA CON PLATFORMA 145
C-146-P;CARRETA CON PLATFORMA 146
C-147-P;CARRETA CON PLATFORMA 147
C-148-P;CARRETA CON PLATFORMA 148
C-149-P;CARRETA CON PLATFORMA 149
C-123-P;CARRETA CON PLATAFORMA N° 123 (SJ)
C-124-P;CARRETA CON PLATAFORMA N° 124 (SJ)
C-125-P;CARRETA CON PLATAFORMA N° 125 (SJ)
C-126-P;CARRETA CON PLATAFORMA N° 126 (SJ)
C-127-P;CARRETA CON PLATAFORMA N° 127 (SJ)
C-128-P;CARRETA CON PLATAFORMA N° 128 (SJ)
C-129-P;CARRETA CON PLATAFORMA N° 129 (SJ)
C-130-P;CARRETA CON PLATAFORMA N° 130 (SJ)
C-131-P;CARRETA CON PLATAFORMA N° 131 (SJ)
C-132-P;CARRETA CON PLATAFORMA N° 132 (SJ)
C-133-P;CARRETA CON PLATAFORMA N° 133 (SJ)
C-134-P;CARRETA CON PLATAFORMA N° 134 (SJ)
C-135-P;CARRETA CON PLATAFORMA N° 135 (SJ)
C-136-P;CARRETA CON PLATAFORMA N° 136 (SJ)
C-137-P;CARRETA CON PLATAFORMA N° 137 (SJ)
C-150-P;CARRETA CON PLATAFORMA N° 150
C-151-P;CARRETA CON PLATAFORMA N° 151
C-152-P;CARRETA CON PLATAFORMA N° 152
C-153-P;CARRETA CON PLATAFORMA N° 153
C-154-P;CARRETA CON PLATAFORMA N° 154
C-155-P;CARRETA CON PLATAFORMA N° 155
C-156-P;CARRETA CON PLATAFORMA N° 156
C-157-P;CARRETA CON PLATAFORMA N° 157
C-158-P;CARRETA CON PLATAFORMA N° 158
C-159-P;CARRETA CON PLATAFORMA N° 159
C-160-P;CARRETA CON PLATAFORMA N° 160
C-161-P;CARRETA CON PLATAFORMA N° 161
C-162-P;CARRETA CON PLATAFORMA N° 162
C-163-P;CARRETA CON PLATAFORMA N° 163
C-164-P;CARRETA CON PLATAFORMA N° 164
C-165-P;CARRETA CON PLATAFORMA N° 165
C-166-P;CARRETA CON PLATAFORMA N° 166
C-167-P;CARRETA CON PLATAFORMA N° 167
C-168-P;CARRETA CON PLATAFORMA N° 168
C-169-P;CARRETA CON PLATAFORMA N° 169
C-170-P;CARRETA CON PLATAFORMA N° 170
C-171-P;CARRETA CON PLATAFORMA N° 171
C-172-P;CARRETA CON PLATAFORMA N° 172
C-173-P;CARRETA CON PLATAFORMA N° 173
C-174-P;CARRETA CON PLATAFORMA N° 174
C-175-P;CARRETA CON PLATAFORMA N° 175
C-176-P;CARRETA CON PLATAFORMA N° 176
C-177-P;CARRETA CON PLATAFORMA N° 177
C-178-P;CARRETA CON PLATAFORMA N° 178
C-179-P;CARRETA CON PLATAFORMA N° 179
C-180-P;CARRETA CON PLATAFORMA N° 180
C-181-P;CARRETA CON PLATAFORMA N° 181
C-182-P;CARRETA CON PLATAFORMA N° 182
C-183-P;CARRETA CON PLATAFORMA N° 183
C-184-P;CARRETA CON PLATAFORMA N° 184
C-185-P;CARRETA CON PLATAFORMA N° 185
C-186-P;CARRETA CON PLATAFORMA N° 186
C-187-P;CARRETA CON PLATAFORMA N° 187
C-188-P;CARRETA CON PLATAFORMA N° 188
C-189-P;CARRETA CON PLATAFORMA N° 189
C-190-P;CARRETA CON PLATAFORMA N° 190
C-191-P;CARRETA CON PLATAFORMA N° 191
C-192-P;CARRETA CON PLATAFORMA N° 192
C-193-P;CARRETA CON PLATAFORMA N° 193
C-194-P;CARRETA CON PLATAFORMA N° 194
C-195-P;CARRETA CON PLATAFORMA N° 195
C-196-P;CARRETA CON PLATAFORMA N° 196
C-197-P;CARRETA CON PLATAFORMA N° 197
C-198-P;CARRETA CON PLATAFORMA N° 198
C-199-P;CARRETA CON PLATAFORMA N° 199
C-200-P;CARRETA CON PLATAFORMA N° 200
C-201-P;CARRETA CON PLATAFORMA N° 201
BIN-1;MOTOBOMBA DE AGUA GX160 C-01
BIN-2;MOTOBOMBA DE AGUA GX160 C-02
BIN-3;MOTOBOMBA DE AGUA GX160 C-03
BIN-4;MOTOBOMBA DE AGUA GX160 C-04
BIN-5;MOTOBOMBA DE AGUA GX160 C-05
BIN-6;MOTOBOMBA DE AGUA GX160 C-06
BIN-7;MOTOBOMBA DE AGUA GX160 C-07
BIN-8;MOTOBOMBA DE AGUA GX160 C-08
BIN-10;MOTOBOMBA DE AGUA GX160 C-10
BIN-15;MOTOBOMBA DE AGUA GX160 C-15
C5TN-1;CARRETA CON PLATAFORMA 05TN N° 01
C5TN-2;CARRETA CON PLATAFORMA 05TN N° 02
C5TN-3;CARRETA CON PLATAFORMA 05TN N° 03
C5TN-4;CARRETA CON PLATAFORMA 05TN N° 04
C5TN-5;CARRETA CON PLATAFORMA 05TN N° 05
C5TN-6;CARRETA CON PLATAFORMA 05TN N° 06
C5TN-7;CARRETA CON PLATAFORMA 05TN N° 07
C5TN-8;CARRETA CON PLATAFORMA 05TN N° 08
C5TN-9;CARRETA CON PLATAFORMA 05TN N° 09
C5TN-10;CARRETA CON PLATAFORMA 05TN N° 10
C5TN-11;CARRETA CON PLATAFORMA 05TN N° 11
C5TN-12;CARRETA CON PLATAFORMA 05TN N° 12
C5TN-13;CARRETA CON PLATAFORMA 05TN N° 13
C5TN-14;CARRETA CON PLATAFORMA 05TN N° 14
C5TN-15;CARRETA CON PLATAFORMA 05TN N° 15
C5TN-16;CARRETA CON PLATAFORMA 05TN N° 16
C5TN-17;CARRETA CON PLATAFORMA 05TN N° 17
C5TN-18;CARRETA CON PLATAFORMA 05TN N° 18
