COD;INSUMO;U.M
01-00000982;3.5DMPP, FOSFORO, NITROGENO SUMMIT READY;L
01-00001224;ABAMECTINA (BAMECTÍN 1.8% EC);L
01-00000001;ABAMECTINA ABAMEX;L
01-00000002;ABAMECTINA ABTIN;L
01-00000003;ABAMECTINA ACARE;L
01-00000004;ABAMECTINA MORTERO 2EC;L
01-00000005;ABAMECTINA NOVAMEC 1.8% EC;L
01-00000006;ABAMECTINA RAMPA;L
01-00001225;ABAMECTINA VERMETIN 1.8% CE;L
01-00000007;ABBAFOL;L
01-00000008;ABONO MINERAL KAMAB 26;KG
01-00000651;ABONO ORGANICO GROWEL NK 3-16;KG
01-00000009;ACEITE AGRICOLA SUNSPRAY ULTRA FINE;L
01-00001149;ACEITE DE CANELA CROPS-CANELA;L
01-00001102;ACEITE DE CANELA K´NELAZO-AG;L
01-00001226;ACEITE DE GIRASOL (PROCESO PASAS);L
01-00000010;ACEITE DE PETROLEO AGRIDEX;L
01-00001138;ACEITE MINERAL CROPS OIL MINERAL;L
01-00000781;ACEITE MINERAL TRUENO;L
01-00001128;ACEITE VEGETAL;L
01-00000633;ACEITE VEGETAL - WETT-OIL;L
01-00001173;ACEITE VEGETAL DEVASTADOR;L
01-00000612;ACEITE VEGETAL OILMAX;L
01-00000012;ACEITE VEGETAL TAXI OIL - EC;L
01-00000658;ACEITE VEGETAL VULCANO;KG
01-00000671;ACEITE VEGETAL VULCANO;L
01-00001023;ACEQUINOCYL KANEMITE SC;L
01-00000692;ACETAMIPRID AMIPRID 20 SP;KG
01-00000688;ACETAMIPRID BUPROFEZIN AKRON 500 WG;KG
01-00000689;ACETAMIPRID BUPROFEZIN SANICROP;L
01-00000952;ACETAMIPRID EVADE;L
01-00000013;ACETAMIPRID GLADIADOR;L
01-00000765;ACETAMIPRID JAKE 200 SL;L
01-00000014;ACETICO ACIDO ACETICO GLACIAL;KG
01-00001122;ACIDO ALFA NAFTALENACETICO ROOT- HOR;L
01-00000015;ACIDO AMINOETANOICO GLICINA;KG
01-00000016;ACIDO CARBOXILICO ACIDO CITRICO;KG
01-00000017;ACIDO CARBOXILICO ACIDO GLUCONICO;KG
01-00000018;ACIDO CARBOXILICO ACIDO SALICILICO BP 20;KG
01-00000019;ACIDO CARBOXILICO CARBOXYL;L
01-00000726;ACIDO CLORHIDRICO;KG
01-00000937;ACIDO ECCA CARBOXY FRUIT XL;L
01-00000020;ACIDO FOSFOROSO;KG
01-00000021;ACIDO FULVICO;KG
01-00000799;ACIDO FULVICO CATOR;L
01-00000022;ACIDO GIBERELICO;KG
01-00000023;ACIDO GIBERELICO CRECISAC 10%;KG
01-00000024;ACIDO GIBERELICO PASTILLAS;UND
01-00000025;ACIDO GIBERELICO PROGIBB PLUS;KG
01-00000026;ACIDO GIBERELICO RYZ UP 4% SL;L
01-00000698;ACIDO GLICOLICO KLEEN MCT 103;KG
01-00000027;ACIDO GRASO DETER UP;L
01-00000746;ACIDO GRASO VEGETAL NIM 700;L
01-00000028;ACIDO HIDROXICARBOXILICOS CENERGY-2X;L
01-00000029;ACIDO HUMICOS Y FULVICOS BACHUMUS ECO;L
01-00000798;ACIDO HUMICOS Y FULVICOS BIOCAT-15;L
01-00000030;ACIDO HUMICOS Y FULVICOS CODAHUMUS;L
01-00000744;ACIDO HUMICOS Y FULVICOS HUMICOP;L
01-00000031;ACIDO INDOL BUTIRICO RAPID ROOT;KG
01-00000032;ACIDO NITRICO;KG
01-00000725;ACIDO PERACETICO ANCOCIDE 4315;KG
01-00000033;ACIDO S-ABSCISICO (S-ABA) ONIX;L
01-00000730;ACIDO S-ABSCISICO 10% P/V SWAP;L
01-00000729;ACIDO S-ABSCISICO 20% EXCELERO;KG
01-00000034;ACIDO S-ABSCISICO PROTONE 10% SL;L
01-00000035;ACIDO SULFURICO 98% AL 98.5%;KG
01-00001189;ACIDOS ECCA CARBOXY PROMESOL 5X;L
01-00000953;ACTIVADOR RADICULAR WITNEMA;L
01-00001094;ADHEMAX PLUS;L
01-00000036;AFRECHO;KG
01-00000963;AGAR PAPA DEXTROSA;KG
01-00000037;AGAR-AGAR P/BACTERIAS;KG
01-00001086;AGENTE QUELATANTE FERTUM BOOSTER;L
01-00000038;AGITA 1%;UND
01-00000039;AGITA 10WG;UND
01-00000558;AGROBACTERIUM RADIOBACTER K84;L
01-00000884;AGRODYNE SL (YODO AGRICOLA);L
01-00000040;AGUA DESMINERALIZADA;KG
01-00000041;AGUA DESTILADA;L
01-00000042;ALBICARB TEMIK 15 G;KG
01-00000043;ALCOHOL ALKOXILADO CITOWEET;L
01-00000832;ALCOHOL ETANOL ANHIDRICO DE 99.8°;L
01-00000044;ALCOHOL METILICO METANOL;KG
01-00000762;ALGA MARINA FERTIMAR;KG
01-00000045;ALGAS 21 ST;KG
01-00001103;ALGAS MARINAS ELYSIUM-PLUS;L
01-00000808;ALGAS MARINAS FOSILES DIATOMAX;KG
01-00000046;ALGAS MARINAS PHYLLUM;L
01-00000047;ALGAS SEAWINNER F EXTRACT;L
01-00000791;ALKYL POLYOXYETHYLENE GLYCOL SURF-AC 820;L
01-00001218;ALPHA-CYPERMETHRIN CAMPAL PLUS 100 EC;L
01-00000810;ALPHACYPERMETHRIN + CHLORFENAPYR ARMADOR;L
01-00000605;ALPISTE;KG
01-00000691;AMETRINA AMETSIL 50 SC;L
01-00000900;AMINASIL 720 SL;L
01-00000758;AMINO QUELANTE-FE;L
01-00000759;AMINO QUELANTE-K;L
01-00000870;AMINOACIDO ACIDO ORGANICO MICROCATCALCIO;L
01-00000510;AMINOACIDO AMINO-BIRD;L
01-00000048;AMINOACIDO AMINOCAT;L
01-00000049;AMINOACIDO FOLCISTEINA AMINOFOL;L
01-00000050;AMINOACIDO GLUTAMATO MONOSODICO;KG
01-00001119;AMINOACIDO LIBRE AMINO 80;KG
01-00001031;AMINOACIDO LIBRE GRUAMIN;L
01-00000972;AMINOACIDO LIBRE MANVERT FOLIPLUS;L
01-00000735;AMINOACIDO LIBRE OSPO-VI55;KG
01-00001067;AMINOACIDO LIBRE PADIUM;L
01-00000052;AMINOACIDO MICROCAT MANGANESO;L
01-00000053;AMINOACIDO MICROCAT ZINC;L
01-00000054;AMINOACIDO ORGANIKEL MANGANESO;L
01-00000055;AMINOACIDO ORGANIKEL ZINC 10%;L
01-00000056;AMINOACIDO PHYLLUM;L
01-00000057;AMINOACIDO PHYLLUM MAX F;L
01-00000058;AMINOACIDO PHYLLUM MAX R;KG
01-00000059;AMINOACIDO SEAWINNER AMINO;L
01-00000060;AMINOACIDO TERRA SORB FOLIAR;L
01-00001077;AMINOACIDO TOTAL SUPERAMIN 8OSP;KG
01-00000871;AMINOACIDO Y ACIDO ORGANICO DEFENDER CA;L
01-00001108;AMINOACIDOS AMINO TECH;L
01-00001140;AMINOACIDOS LIBRES NATURAMIN - WSP;KG
01-00001168;AMINOACIDOS TOTALES BAYFOLAN AKTIVATOR;L
01-00001046;AMINOLOM ENZIMATICO 30%;L
01-00001047;AMINOLOM VITAMIN;L
01-00000061;AMINOTERRA;L
01-00000890;AMINOTERRA PLUS ZN;L
01-00000760;AMINOVER MAG PLUS;L
01-00000840;AMISTAR TOP;L
01-00000062;ANA + IBA ACIDO INDOLBUTIRICO ROO-THOR;L
01-00000063;ANA ACIDO NAFTALEN ACETICO;KG
01-00001029;ANCLA SIMPLE 20X20X1 MT ALTO (2° USO);UND
01-00001030;ANCLA SIMPLE 40X40X1.20 MT ALTO (2° USO);UND
01-00000685;ARAMITE TM;L
01-00001024;ARROCILLO O ARROZ PARTIDO;KG
01-00000064;ARROZ;KG
01-00000515;ASCPHYLLUM NODOSUM CROP + PLUS;L
01-00001008;ASOMBROSO-AG BT;KG
01-00000738;AUXINA ACIDO CARBOXILICO RIZOPLEX;L
01-00001104;AUXINAS Y ADITIVOS BIOECOL FLOWER;L
01-00000065;AUXINAS Y CITOQUININAS BIOZYME;L
01-00000894;AUXINAS Y CITOQUININAS RAZORMIN;L
01-00001011;AUXINAS, CITOQUININAS FLORONE PLUS;L
01-00001009;AUXINAS,CITOQUININAS,GIBERELINA BIOESTIM;L
01-00000826;AZOXYSTROBIN AMISTAR 50 WG;KG
01-00000541;AZOXYSTROBIN STRONSIL 50 WG;KG
01-00000066;AZUFRE SULFODIN 80 WG;KG
01-00000067;AZUFRE BARRIDO PARA SUELO;KG
01-00000634;AZUFRE DP 60% - SULFER X80 PANTERA 60-D;KG
01-00001068;AZUFRE FUNGISULF DP 400;KG
01-00000068;AZUFRE GRANULADO - PANTERA PELLETS;KG
01-00000069;AZUFRE MICRONIZADO MICROTHIOL SPECIAL;KG
01-00000070;AZUFRE MOJABLE COSAVET 80%DF;KG
01-00000071;AZUFRE MOJABLE FUNGISULF WP;KG
01-00000072;AZUFRE MOJABLE KUMULUS DF;KG
01-00000790;AZUFRE PANTERA 720 GOLD;L
01-00000789;AZUFRE PANTERA 720 SC;L
01-00001198;AZUFRE PANTERA 80 WP;KG
01-00000831;AZUFRE PANTERA CLEAR;L
01-00000073;AZUFRE POLVO SECO - FUNGISULF;KG
01-00000074;AZUFRE POLVO SECO - MONTECRISTO;KG
01-00000075;AZUFRE POLVO SECO - PANTERA;KG
01-00000076;AZUFRE POLVO SECO - VULCANO DP;KG
01-00000574;AZUFRE POLVO SECO 80% - SULFER X80 (80D);KG
01-00000077;AZUFRE POLVO SECO MICRONIZADO;L
01-00000557;AZUFRE PURO GRANULADO AL 99.9%;KG
01-00000078;BACILLUS SUBTILIS;L
01-00000536;BACILLUS SUBTILIS BIO-SPLENT 70 WP;KG
01-00000079;BACILLUS SUBTILIS BREVIBAC WP;KG
01-00000080;BACILLUS SUBTILIS SERENADE AF;L
01-00000081;BACILLUS SUBTILIS TEOSIN;L
01-00000082;BACILLUS THURINGIENSIS BIOSPORE;KG
01-00000083;BACILLUS THURINGIENSIS BT NOVA WP;KG
01-00000084;BACILLUS THURINGIENSIS DIPEL 54 WG;KG
01-00000085;BACILLUS THURINGIENSIS JAVELIN 6,4%WG;KG
01-00000086;BACILLUS THURINGIENSIS LEPIBAC 10PM;KG
01-00000087;BACILLUS THURINGIENSIS VENDAVAL PLUS;KG
01-00000933;BACILO NACILLUS PRO;KG
01-00001191;BACTERIAS ACIDOLACTICAS AVIBIOL;L
01-00000548;BAGAZO DE CAÑA DE AZUCAR;T
01-00000088;BASACOTE PLUS;KG
01-00000089;BASOFIA;UND
01-00000091;BC-1000 POLVO;KG
01-00000579;BD-BALANCEADOR NATURAL;L
01-00000092;BEAUVERIA BASSIANA AGRONOVA;KG
01-00000090;BEAUVERIA BASSIANA BEAUVESOL;KG
01-00000093;BENOMILO BENLATE 50WP;KG
01-00000094;BENOMILO BENOMEX PM;KG
01-00000095;BENOMILO TREBEN 500WP;KG
01-00000546;BENOMYL BENOMAX 50PM;KG
01-00000096;BENOMYL FARMATHE 50PM;KG
01-00000097;BENOMYL TREBEN 500 WP;KG
01-00000098;BETA BAYTROIDE 125 SC;L
01-00000603;BETEDOR-A 30%;L
01-00000728;BICARBONATO DE POTASIO 82% KALIGREEN;KG
01-00000099;BICARBONATO DE SODIO;KG
01-00000935;BIFENAZATE MARCADOR;L
01-00000100;BIO FA (TYPE B);KG
01-00000101;BIOACTIVADOR RHUZTERR;KG
01-00000580;BIODINAMICS-P;L
01-00000855;BIOECOL;L
01-00000591;BIOECOL FULVIC 25;L
01-00001162;BIOECOL PROQBAC;L
01-00001066;BIOESTIMULANTE OSMOPROTECTOR ECOSTIM;L
01-00001050;BIOESTIMULANTE PACKHARD;L
01-00001043;BIOESTIMULANTE SIAPTON;L
01-00000102;BIOLAC MICROORGANISMOS PROBIOTICOS;L
01-00000103;BIOLURE 3 COMPONENTES;UND
01-00001144;BIOPROTEINATO DE MANGANESO BIOCEL MN;L
01-00000104;BIORAT;KG
01-00000105;BIOROTEX;KG
01-00000106;BIOSOLNEW;KG
01-00000011;BLOQUE. ACEITE VEGETAL;KG
01-00000424;BLOQUEADO SEMILLA DE MAIZ HIBRIDO DK-399;KG
01-00000107;BORO ACIDO BORICO;KG
01-00001185;BORO GEL B;KG
01-00001155;BORO KELTEX BORO;L
01-00000864;BORO POLIAMINA SUGAR MOVER;L
01-00000108;BORO QUELATADO EN AMINOACIDO GENOX BORO/;KG
01-00000969;BOSCALID + PYRACLOSTROBIN KOPASSUS;KG
01-00000109;BOSCALID BELLIS;KG
01-00000656;BOSCALID CANTUS 50WP;KG
01-00000866;BOTAMISOL 80PRO;KG
01-00000843;BRIX & YOUNG FOLIAR;L
01-00000842;BRIX & YOUNG TERRA;L
01-00000110;BRODIFACOUM KLERAT;KG
01-00000111;BROMADIOLOMA LETAL BLOQUES;KG
01-00000112;BROMADIOLOMA LETAL PELLETS;KG
01-00000113;BROMADIOLONA DETIA RATICIDA;KG
01-00000114;BROSA DE ESPARRAGO CON CHALA PICADA;KG
01-00000836;BROTMAX;L
01-00000640;BUPIRIMATE NIMROD;L
01-00000699;BUPROFEZIN APPLAUD;KG
01-00000783;BUPROFEZIN BUPROMAX;KG
01-00000784;BUPROFEZIN BUPROMAX PLUS 500 SC;L
01-00000115;BUPROFEZIN TRIUNFO 25% PM;KG
01-00000116;CADUSAFOS RUGBY;KG
01-00000117;CADUSAFOS RUGBY 200 CS;L
01-00000118;CAL VIVA;KG
01-00001143;CALCIO BORO BIOECOL MICRO CA B;L
01-00000872;CALCIO BORO TURBO CAB;L
01-00000119;CALCIO CARBOXY CA;L
01-00000120;CALCIO CLORURO DE CALCIO;KG
01-00000793;CALCIO CLORURO DE CALCIO STOPIT;L
01-00001141;CALCIO GEL CA;KG
01-00000121;CALCIO NITRATO DE CALCIO;KG
01-00000122;CALCIO NITRATO DE CALCIO GRANULADO;KG
01-00000520;CALCIO SULFATO DE CALCIO 400 MESH;KG
01-00000585;CALCIO SULFATO DE CALCIO MALLA 200;KG
01-00000582;CALCIO SULFATO DE CALCIO MALLA 325;KG
01-00000561;CALCIO SULFATO DE CALCIO MALLA 600;KG
01-00000123;CALCIO SULFATO DE CALCIO SOLUBLE CALMAX;KG
01-00000512;CALCIO SULFATO DE CALCIO TEREYESO PREM;KG
01-00000124;CALCIO SULFATO DE CALCIO YESO AGRICOLA;KG
01-00000878;CALCIO TURBO CA;L
01-00001116;CALCIO Y SILICIO ACAPROX;L
01-00000125;CALCIO-MAGNESIO CALMAG;KG
01-00000126;CALCIUM;L
01-00000127;CALDO NUTRITIVO;UND
01-00000128;CAOLIN SURROUND S;KG
01-00000129;CAPARAZON DE CRUSTACEOS;KG
01-00000130;CAPTAN BOTRAN 83 AK;KG
01-00000131;CAPTAN KAPTAN 80 WP;KG
01-00000132;CAPTAN MERPAN 83 WP;KG
01-00000133;CARBARIL SEVIN 85 PM;KG
01-00001026;CARBENDAZIM BOTRIZIM 50 FW;L
01-00000134;CARBENDAZIM CARDAZINA 500 SC;L
01-00000135;CARBENDAZIM FORDAZIM 5 FW;L
01-00000136;CARBENDAZIM LUXAZIM 500;L
01-00000571;CARBOFURAN DIAFURAN 4F 480SC;L
01-00000838;CARBOFURAN FARMADAN;L
01-00000137;CARBOFURAN FURADAN 4F;L
01-00000529;CARBOFURAN KILLFURAN 48%;L
01-00000511;CARBONATO B - 80;KG
01-00001012;CARBONATO DE CALCIO PROTEC SUN;KG
01-00000138;CARBONATO DE CALCIO TIZA MES;KG
01-00001080;CARBONO ORGANICO OXIDABLE ABSORCION;KG
01-00000567;CARBOSULFAN MARSHAL 480 EC;L
01-00000139;CARBOXIN + THIRAM VITAFLO;L
01-00000140;CARBOXIN CAPTAN VITAVAX 300;KG
01-00000695;CARBOXIN CAPTAN VITAVAX 300;KG
01-00000710;CARBOXY MAX;L
01-00000141;CARBURO DE CALCIO;KG
01-00000142;CASCARILLA DE ARROZ;M3
01-00000143;CEBO MOSCA BIOLURE;UND
01-00000144;CEBO MOSCA TRIMEDLURE;UND
01-00000705;CERA DE INJERTO STAEHLER REBWACHS PRO;UND
01-00000654;CERATRAP LIQUIDO;L
01-00000818;CHLORFENAPYR CERTERO 240 SC;L
01-00001215;CHLOROTHALONIL + DIMETHOMORPH QUESTRUM;L
01-00000797;CHLOROTHALONIL BRAVO 720 SC;L
01-00000906;CHLOROTHALONIL, DIMETHOMORPH ARADO;KG
01-00000623;CHLOROTHALONIL+DIMETHOM SPHINX SUPRA WG;KG
01-00000803;CHLOROTHALONIL+DIMETHOMORPH GENTROL SC;L
01-00000991;CHLORPYRIFOS+DIMETHOATE WING-THION 500EC;L
01-00000812;CHORPYRIFOS 480 G/L EC EXTRAFOS;L
01-00000145;CIANAMIDA HIDROGENADA 520 G/L DORMEX;L
01-00000146;CIANAMIDA HIDROGENADA CIANAMAX;L
01-00000147;CIANAMIDA HIDROGENADA FITOBROT;L
01-00000148;CIANAMIDA HIDROGENADA NEXUS;L
01-00000149;CIANAMIDA HIDROGENADA RAPIBROT;L
01-00000150;CICATRIZANTE HORMONAL SANIX;KG
01-00000960;CIPERMETRINA CAMPAL 250 CE;L
01-00000152;CIPERMETRINA CYPERKLIN 25 CE;L
01-00001147;CITOCININAS BIOECOL IMPULS;L
01-00000844;CITOGROWER;L
01-00000846;CITOQUININA CITO ONE 1.4%;L
01-00001007;CITOQUININA CYTOFIELD;L
01-00000153;CITOQUININA TIDIAZURON DROPP 48,7% WP;KG
01-00000922;CITROCIDE PC;KG
01-00000939;CITROCIDE PC;L
01-00000817;CITROSOL 500;L
01-00000923;CITROSOL A K EXTRA UE;KG
01-00000154;CLETODIM CENTURION 120 CE;L
01-00000155;CLORO HIPOCLORITO DE CALCIO GRANULADO;KG
01-00000619;CLOROTALONIL ZETRON 720 SC;L
01-00000156;CLORPIRIFOS + DIMETOATO PROTON 50 EC;L
01-00000157;CLORPIRIFOS CLORFOS 48 CE;L
01-00000158;CLORPIRIFOS DORSAN 48 EC;L
01-00000159;CLORPIRIFOS LORSBAN 480 EC;L
01-00000653;CLORPIRIFOS PORFIN 48%EC;L
01-00000160;CLORPIRIFOS PYRINEX 48%EC;L
01-00000547;CLORPIRIFOS SANPIFOS 48 EC;L
01-00000570;CLORPIRIFOS TIFON 1% G;KG
01-00000549;CLORPIRIFOS TIFON 4E;L
01-00000161;CLORPIRIFOS TIFON P.S. 2.5%;KG
01-00000162;CLORPIRIFOS TROYA 4 EC;L
01-00000163;CLORURO DE DIMETIL BENCIL AMONIO EXQUAT;L
01-00000164;COBALTO SULFATO DE COBALTO;KG
01-00000165;COBRE SULFATO DE COBRE;KG
01-00000166;CODAMIN RADICULAR;L
01-00000167;CODARGON;L
01-00000661;CODASAL PLUS 2000;L
01-00000786;COMPLEJO DE FOSFOLIPIDOS;L
01-00000168;COMPOST;T
01-00000539;COMPOST HUMIFICADO C/CASCARILLA DE ARROZ;M3
01-00001076;CONCENTRADO DE ALGAS ALGA GROWTH;KG
01-00000169;CONCENTRADO DE ALGAS ASCOFERT;L
01-00000502;CONCENTRADO DE ALGAS ASCOFERT;KG
01-00000170;CONCENTRADO DE ALGAS BASFOLIAR ALGAE;L
01-00000171;CONCENTRADO DE ALGAS KELPAK;L
01-00000172;CONCENTRADO DE AMINOACIDO AL 98%;KG
01-00000173;CONCENTRADO DE SEMILLAS POMELO CITREX 10;L
01-00000174;CONCENTRADO DE SEMILLAS POMELO FITOCARE;L
01-00000175;CONCENTRADO F2 DESINFECTANTE;KG
01-00001042;CONCENTRADO SOLUBLE MASTIL 300;L
01-00000176;COPOLÍMERO DE POLIÉSTER SILWET L-77;L
01-00000177;CORRECTOR DE DESORDENES FISIOLOGICOS SUP;KG
01-00000178;CROP +;L
01-00000727;CROPBIOSCIENCIE PHOS-K AMIN;L
01-00000850;CROPFIELD 20-20-20 (N-P-K);L
01-00000889;CROPFIELD ALGAE;L
01-00000856;CROPFIELD BMOL-105;L
01-00000845;CROPFIELD CA BR ZN;L
01-00000863;CROPFIELD CALCIO-MIX;L
01-00001070;CROPFIELD FULVICO;L
01-00000994;CROPFIELD KAMBAX;L
01-00000795;CROPFIELD MAGNESIO;L
01-00000755;CROPFIELD MANGANESO;L
01-00000954;CROPFIELD POTASIO;L
01-00000805;CROPFIELD TRANSLOC KBM;KG
01-00000754;CROPFIELD ZINC;L
01-00000973;CUSTOMBIO NC;L
01-00000179;CUTSALT;L
01-00000753;CYAZOFAMID RANMAN;L
01-00000180;CYCOCEL;L
01-00000862;CYFLUFENAMID KATSU 5EW;L
01-00000997;CYFLUMETOFEN ALTRIA;L
01-00000181;CYFLUTHRIN BAYTROIDE 100 EC;L
01-00000182;CYFLUTHRIN SOLFAC EC050;KG
01-00000971;CYHEXATIN ACARSTIN L 600;L
01-00000183;CYMOZATE;KG
01-00001223;CYPRODINIL 500 G/KG (CROSSBOW);KG
01-00001170;D-BACTER;L
01-00000513;D-OCTIL;L
01-00000184;DASAUT;L
01-00001039;DEFENDER MG;L
01-00001041;DEFENDER MZ;L
01-00001040;DEFENDER ZN;L
01-00000949;DELTAMETRIN 0,03% MAGNET MED;UND
01-00000185;DELTAMETRINA DECIS 2.5 CE;L
01-00000186;DELTAMETRINA DELTA 2, 5% C;L
01-00000187;DELTAMETRINA DELTA 5% C;L
01-00000188;DELTAMETRINA DELTAPLUS 2.5% CE;L
01-00000189;DELTAMETRINA DELTOX 2.5 CE;L
01-00001088;DESCARTE DE FRIJOL DE PALO / GANDUL;KG
01-00000663;DESECHO DE PESCADO;KG
01-00000552;DESINFECTANTE SAPOLIO AROMA ROSAS;L
01-00001137;DETERGENTE AGRICOLA CROPS DETER;L
01-00000190;DETERGENTE AGRICOLA DETER 400 E;KG
01-00000674;DETERGENTE AGRICOLA OUT DUST;L
01-00000501;DETERGENTE AGRICOLA PANTERA DETER AP 35;L
01-00000191;DETERGENTE BIODEGRADABLE BLACKOR RAV3000;L
01-00000192;DEXTROSA AZUCAR;KG
01-00000193;DIAZINON DIAMOND 60 EC;UND
01-00000194;DIAZINON GUSADRIN 2.5%PS;KG
01-00000195;DICROTOFOS BIDRIN;L
01-00000734;DIETHOFENCARB BAYAX 500 WP;KG
01-00000787;DILUYENTE INERTE TNT;L
01-00000196;DIMANIN DESINFECTANTE;L
01-00000616;DIMETHOMORPH+AMETOCTRADIN ZAMPRO DM;L
01-00000197;DIMETOATO CICLON;L
01-00000198;DIMETOATO DIMETOXION;L
01-00001100;DINOTEFURAN + FIPRONIL FUZZIL 800 WG;KG
01-00001017;DINOTEFURAN BOMBAI;KG
01-00000693;DINOTEFURAN GENDARME 20 SG;KG
01-00000785;DINOTEFURAN STARKLE 20 SG;KG
01-00000847;DIOCTIL SULFOSUCCINATO DE SODIO - DIOCT;L
01-00001021;DIOCTIL SULFOSUCCINATO DE SODIO RADICT;L
01-00000199;DIOXIDO DE CLORO TECSA CLOR;KG
01-00000200;DITERA 90 DF;KG
01-00001169;ECOBACTER;L
01-00000201;ECOPHYL DISPER - Q;L
01-00000584;ECOSWING;L
01-00000966;EFERSIL;KG
01-00000202;EM-1 (MICROORGANISMOS EFICACES);L
01-00001018;EMAMECTIN BENZOATE AGRYBEN 5% SG;KG
01-00000820;EMAMECTIN BENZOATO + ABAMECTINA REGLAN;L
01-00001028;EMAMECTIN BENZOATO COLOSO 50 SG;KG
01-00000936;EMAMECTIN BENZOATO SKIRLA;KG
01-00001180;ENDOMICORRIZAS TOTALES ENDOMAXX SC;L
01-00000203;ENDOSULFAN THIODAN 35 EC;L
01-00001177;ENRAIZADOR BIO-AUXINICO MEGAROOT;L
01-00000204;ENTOMOPHTHERA VIRULENT INBIOL;L
01-00000761;ENTRUST;L
01-00000921;ESSASOL;KG
01-00000205;ESTACA DE VID;UND
01-00000800;ESTACA VARIEDAD KRISSY;UND
01-00001210;ESTACA VID IFG 08068-041-047;UND
01-00001206;ESTACA VID IFG 10024-108-170;UND
01-00001208;ESTACA VID IFG 10053-107-078;UND
01-00001207;ESTACA VID IFG 11040-100-047;UND
01-00001213;ESTACA VID IFG 11067-096-149;UND
01-00001205;ESTACA VID IFG 11074-095-185;UND
01-00001204;ESTACA VID IFG 11100-089-089;UND
01-00001211;ESTACA VID IFG 11100-091-179;UND
01-00001202;ESTACA VID IFG 12038-080-139;UND
01-00001203;ESTACA VID IFG 12038-080-144;UND
01-00001212;ESTACA VID IFG 13080-091-306;UND
01-00001214;ESTACA VID IFG 13136-074-236;UND
01-00001200;ESTACA VID IFG 14089-037-281;UND
01-00001201;ESTACA VID IFG 14149-045-135;UND
01-00001209;ESTACA VID IFG 39-230;UND
01-00000740;ESTER ACIDO GRASO VEGETAL PRIX;L
01-00000207;ETEFON ETHESAC 10%;L
01-00000208;ETEFON ETHESAC 48 SL;L
01-00000209;ETEFON ETHREL 48 SL;L
01-00000206;ETEFON PREP 720;L
01-00000210;ETHOPROPHOS MOCAP 15 G;KG
01-00001022;ETHOPROPHOS MOCAP 6 EC;L
01-00000555;ETHOPROPHOS NEMACAP 400 EC;L
01-00000624;ETHOXYLATED ALCOHOL BIOEMULGLOB LH;L
01-00000736;ETILENDIAMINTETRAACETATO TRADECORP ZN;KG
01-00001020;ETOXAZOLE + FENPYROXIMATE ACARISIL GOLD;L
01-00000550;ETOXAZOLE ACARISIL 110 SC;L
01-00001013;ETOXAZOLE CARILE 112 SC;L
01-00000731;EXTRACTO ALCOHÓLICO DE ORTIGA 50% URTIKA;L
01-00000672;EXTRACTO ALIUM SATIVUM Y CAPSI.CAPSIALIL;L
01-00000495;EXTRACTO DE AJO Y AJI WONDER;L
01-00001084;EXTRACTO DE ALGA ECKLONIA BASFOLIAR SIZE;L
01-00001085;EXTRACTO DE ALGAS ALMARIN;L
01-00000865;EXTRACTO DE ALGAS MARINAS ALGALIV;L
01-00000750;EXTRACTO DE CANELA BIOCINN;L
01-00001178;EXTRACTO DE FICUS SAPONINA GORPLUS;L
01-00001216;EXTRACTO DE JAZMIN VACCIMITE;L
01-00000967;EXTRACTO DE KARANJA OIL BIOKARANYA;L
01-00000974;EXTRACTO DE LAURACEAS XILOTROM;L
01-00000747;EXTRACTO DE MARIGOLD NEMAGOLD;L
01-00000990;EXTRACTO DE NEEM+JABON POTASICO KABONIM;L
01-00001176;EXTRACTO DE OREGANO PHYTOINMUNOL;L
01-00001072;EXTRACTO DE PLANTA UBERGROB;L
01-00000694;EXTRACTO DE QUILLAY NEMATECH;L
01-00001174;EXTRACTO DE QUILLAY QUILLIBRIUM;L
01-00000794;EXTRACTO DE SEMILLA BENCEMIL;L
01-00000544;EXTRACTO LEMURIA-AG ACAROS SL;L
01-00000518;EXTRACTO VEGET. FITOHORM. AGROCIMAX PLUS;L
01-00001075;EXTRACTO VEGETAL BASEL;L
01-00000211;EXTRACTO VEGETAL HUNTER;L
01-00000051;EXTRACTO VEGETAL MEGAFOL;L
01-00000509;EXTRACTO VEGETAL SAFE CONTROL;L
01-00000517;EXTRACTO VEGETAL Y FITOHORMONA BIOZYME;L
01-00001136;EXTRACTO VEGETAL ZITRIK ACAROS;L
01-00001078;EXTRACTO VEGETAL ZURICH;L
01-00001049;EXTRACTOS VEGETALES AGRISPON;L
01-00000212;EXUROOT;L
01-00000213;FAMOXADONE CYMOXANIL EQUATION PRO;KG
01-00000796;FARDO DE BROZA DE CAÑA;UND
01-00000998;FASE 2 APPLY;L
01-00000214;FENARIMOL RUBIGAN 12%CE;L
01-00000680;FENAZAQUIN MAGISTER 10 CE;L
01-00001186;FENAZAQUIN STILETTO 20 SC;L
01-00000216;FENHEXAMID TELDOR 50 PM;KG
01-00000215;FENHEXAMID TELDOR 50 SC;L
01-00000819;FENPROPATHRIN DANITOL 30 EC;L
01-00000679;FENPYROXIMATE KENYO SC;L
01-00000724;FEROMONA PLANOCOCCUS CITRI;UND
01-00000723;FEROMONA PLANOCOCCUS FICUS;UND
01-00000948;FEROMONA PLANOCOCCUS FICUS CHECKMATEVMB-;UND
01-00000217;FERROCLOR RF-400;KG
01-00001064;FIPRONIL ALBATROSS 200 SC;L
01-00000777;FIPRONIL MATRIX;L
01-00000218;FIPRONIL REGENT 200 SC;L
01-00000930;FITOMARE;L
01-00000833;FLOMAX;L
01-00000219;FLUAZIFOP-P-BUTIL HACHE UNO SUPER 17.5%;L
01-00000907;FLUAZINAM + CYMOXANIL EFECTUS;L
01-00001221;FLUDIOXONIL 250 G/L FRUCTEM;L
01-00000387;FLUOPICOLIDE PROPINEB TRIVIA WP72,7;KG
01-00000560;FLUOPYRAM PYRIMETHANIL LUNA TRANQUILITY;L
01-00000639;FOLPET FOLPYREX;L
01-00000763;FOLTRON PLUS;L
01-00000609;FOSETIL ALUMINIO ALIETTE WG80;KG
01-00000507;FOSETIL ALUMINIO ALIETTE 80WP;L
01-00000543;FOSETIL ALUMINIO ALIETTE 80WP;KG
01-00000858;FOSETIL DE POTASIO INDUCE;L
01-00000530;FOSETYL DE ALUMINIO TRASLATE 80% WP;KG
01-00000667;FOSETYL DE POTASIO REFORCE;L
01-00000220;FOSFATO CONCENTRADO ECOLOGICO;KG
01-00000825;FOSFITO DE COBRE CROPFIELD FORTIFOS CU;L
01-00001033;FOSFITO DE MAGNESIO FITOXEL MG;L
01-00000849;FOSFITO DE POTASIO CROPFIELD FORTIFOS-K;L
01-00001101;FOSFITO DE POTASIO FITOXEL K;L
01-00000903;FOSFITO DE POTASIO PHORTIFY;L
01-00000792;FOSFITO POTASICO TRAFOS B-MO;L
01-00000868;FOSFOLIPIDO VEGETAL TENS APPLY;L
01-00000221;FOSFONATO DE POTASIO ATLANTE;L
01-00000222;FOSFORO ACIDO FOSFORICO;KG
01-00000223;FOSFORO FOSFATO DIAMONICO;KG
01-00000224;FOSFORO FOSFATO MONOAMONICO;KG
01-00000225;FOSFORO FOSFATO MONOPOTASICO;KG
01-00000854;FOSFORO NITROGENO UREA FOSFATO;KG
01-00000226;FOSFORO POLIFOSFATO DE AMONIO;L
01-00001097;FOSFORO POTASIO PEKACID;KG
01-00000227;FOSFORO SUPERFOSFATO TRIPLE;KG
01-00000228;FOSFORO ULTRASOL MAGNUM P44;KG
01-00001199;FOSFURO DE ALUMINIO DORVOX;UND
01-00000229;FOSFURO DE ALUMINIO PHOSTOXIN;UND
01-00000834;FRUTMAX;L
01-00000859;FUJI ONE 40 EC;L
01-00000764;FULMAX;L
01-00000230;FUMITRIM 10EC;L
01-00000655;FUNCOB 50WP;KG
01-00000231;FUNGISULF WP;KG
01-00000232;GLIFOSATO BATALLA 480 SC;L
01-00000233;GLIFOSATO ERRASER 757;KG
01-00000234;GLIFOSATO GLIFONOX 480 CS;L
01-00000235;GLIFOSATO GLYTEX 480 SL;L
01-00000236;GLIFOSATO RANGO 480 SL;L
01-00000237;GLIFOSATO ROUNDUP 48%;L
01-00000932;GLUFOSINATE AMMONIUM 200 G/L CUANTIC;L
01-00000920;GLUFOSINATE-AMMONIUM 200 G/L KUARTEL;L
01-00001111;GLUFOSINATO DE AMONIO BALTIC;L
01-00000238;GLUFOSINATO DE AMONIO BASTA 150 SL;L
01-00000239;GLUFOSINATO DE AMONIO BASTA 200 SL;L
01-00000684;GLUFOSINATO DE AMONIO BURNER 150 SL;L
01-00001090;GLUFOSINATO DE AMONIO FASCINATE 280 SL;L
01-00001151;GLUFOSINATO DE AMONIO HERBASTOCK;L
01-00001015;GLUFOSINATO DE AMONIO INZENDO;L
01-00001130;GLUFOSINATO DE AMONIO INZENDO 200 SL;L
01-00000614;GRANOLATE PLUS;KG
01-00000578;GREENEX ULTRA 5 SC;L
01-00000888;GROW PRO;L
01-00000240;GUANO DE INVERNA;SAC
01-00000709;GUANO DE INVERNA;T
01-00000545;GUANO DE RES;T
01-00000241;HARINA DE ALFALFA;KG
01-00000242;HARINA DE PESCADO;KG
01-00000904;HEXYTHIAZOX, FENPYROXIMATE ENVIGO;L
01-00000839;HI-LIGHT;L
01-00001083;HIDROLIZADO ENZIMATICO ECKLONIA KELP 100;L
01-00000243;HIDROXIDO DE CALCIO (CAL APAGADA);KG
01-00000752;HIDROXIDO DE COBRE- HIDROX CU;KG
01-00000244;HIDROXIDO DE MAGNESIO;KG
01-00000245;HIDROXIDO DE POTASIO;KG
01-00000246;HIDROXIDO DE POTASIO POTASA CAUSTICA;KG
01-00000247;HIDROXIDO DE SODIO SODA CAUSTICA EN ESCA;KG
01-00000000;HIDROXIDO DE SODIO SODA CAUSTICA M.PERLA;L
01-00000860;HIDROXIDO DE SODIO SODA CAUSTICA M.PERLA;KG
01-00000248;HIERRO FERTI HIERRO;L
01-00000249;HOJA DE CAÑA EN FARDO;UND
01-00000926;HONGO BENEFICO;L
01-00001181;HONGO MICORRICICO GLOMUS MYCOUP 360;KG
01-00000823;HUEVO DE CRISOPA;MIL
01-00000822;HUEVO DE SITOTROGA;KG
01-00000250;HUMICOP;KG
01-00000251;HUMUS;KG
01-00000776;HURAKAN;L
01-00000252;HYDROGEL;KG
01-00000733;HYMEXAZOL T-REX 360 SL;L
01-00001126;HYMEXAZOL TACHIGAREN;L
01-00000253;IBA ACIDO INDOL BUTIRICO;KG
01-00000588;ILSA CON;L
01-00000668;ILSACON;KG
01-00000589;ILSAMIN BORO;L
01-00000669;ILSAMIN BORO;KG
01-00000254;IMAZALIL FUSARIOL;L
01-00000824;IMIDACLOPRID ALUD 350 SC;L
01-00000255;IMIDACLOPRID CIGARAL 70 WP;KG
01-00000568;IMIDACLOPRID CONFIDOR 350SC;L
01-00000687;IMIDACLOPRID CONFIDOR 70WG;KG
01-00000681;IMIDACLOPRID LAMBDA-CYHALOTH KRAKEN;KG
01-00000256;IMIDACLOPRID LANCER 35%SC;L
01-00000257;IMIDACLOPRID PRIVATE 350 SC;L
01-00000258;IMIDACLOPRID SENSEI 350 SC;L
01-00001127;IMIDACLOPRID ZUXION 20 LS;L
01-00001025;IMPUREZA VEGETAL Y MINERAL;T
01-00000522;INDAZIFLAM ALION SC 500;L
01-00000259;INDOXACARB AVAUNT 150 SC;L
01-00000260;INDOXACARB STEWARD 150EC;L
01-00000542;INDOXACARB TOPSIL 150 SC;L
01-00001190;INGREDIENTES INERTES NUTRISORB L;L
01-00001065;INGREDIENTES INERTES REZER;L
01-00000586;INSUMO PARA MUESTRA EN KG.;KG
01-00000587;INSUMO PARA MUESTRA EN LT.;L
01-00001160;INSUMO PARA MUESTRA EN M3;M3
01-00000720;INSUMO PARA MUESTRA EN UND.;UND
01-00000261;IPRODIONE FOBOS 50%WP;KG
01-00000262;IPRODIONE FORTE 50 PM;KG
01-00000263;IPRODIONE NOVAK 50%WP;KG
01-00000264;IPRODIONE ROVRAL 50%PM;KG
01-00001069;IPRODIONE TERCEL 50 WP;KG
01-00000645;ISOCLAST CLOSER 240SC;L
01-00000700;ISOPROTHIOLANE ALLIDOR 400 EC;L
01-00000265;ISOPROTHIOLANE GOLDEN 40 EC;L
01-00000885;IUPAC FITORGANIC;L
01-00001048;JIFFY PELLETS HORTALIZAS/FORESTALES 50H;UND
01-00000947;KASUGAMICINA KASUMIN;L
01-00000928;KELIK CALCIO BORO;L
01-00000898;KELIK MIX;L
01-00000929;KELIK POTASIO;L
01-00000886;KELIK POTASIO SILICIO;L
01-00000887;KELKAT BORO;KG
01-00000869;KELKAT MANGANESO FORMULA QUELADA EDTA;KG
01-00000766;KILLER;L
01-00000266;KING PLUS MN;L
01-00000267;KIT DE BIOFIT;UND
01-00000268;KLERAT BLOQUE;KG
01-00001150;KRESOXIM - METHYL TRIBUNAL 500WG;KG
01-00000830;KRESOXIM METHYL KREMEX 500 WG;KG
01-00000852;KYTOVOX AMIN;L
01-00000851;KYTOVOX ZN;L
01-00000269;LACTICO ACIDO LACTICO;KG
01-00000641;LAMBDA CIHALOTRIN KARATE ZEON;L
01-00001035;LAMBDA CYHALOTHRIN LAMDEX 5 EC;L
01-00000270;LECHE;UND
01-00000751;LEVADURA DE BORAX;KG
01-00001098;LEVADURA DE TORULA LEVATRAP;KG
01-00000625;LEVASA RSP;L
01-00000271;LICTHOR;L
01-00000601;LIMPIATODO AROMATIZADO AROMA FLORAL;L
01-00000505;LIQFOL ACIDO FULVICOS;L
01-00000506;LIQFOL ACIDO HUMICOS;L
01-00000504;LIQFOL ENRAIZADOR;L
01-00000516;LISOFOSFATIDILETANOLAMINA SIGNA FRESH;L
01-00000647;MACOZEB HORTUZEB 80WP;KG
01-00000272;MACRO-MICRO-NUTRIENTE BAYFOLAN;L
01-00000741;MACRONUTRIENTE ACIDO FULVICO PROROOT;KG
01-00000767;MADUREX;KG
01-00000706;MAGNESIO FLUX MG;L
01-00000273;MAGNESIO NITRATO DE MAGNESIO MAGNISAL;KG
01-00000275;MAGNESIO SULFATO DE MAGNESIO;KG
01-00001010;MAGNESIO YARAVITA MAGTRAC;L
01-00000600;MAICENA;KG
01-00000983;MAIZ MARGINAL TROPICAL 28;KG
01-00000592;MAIZ PARTIDO;KG
01-00000276;MALATHION EXTRATHION 57 EC;L
01-00000610;MANCOZEB DITHANE F-MB;L
01-00000277;MANCOZEB EVITANE 80;KG
01-00000280;MANCOZEB MANGANEB PLUS 80;KG
01-00000278;MANCOZEB MANZATE;KG
01-00000279;MANCOZEB MANZEB;KG
01-00000608;MANCOZEB SANCOZEB 80 WP;KG
01-00000535;MANCOZEB VITENE;KG
01-00000615;MANCOZEB+CYMOXANIL CURTINE-V;KG
01-00000804;MANCOZEB+CYMOXANIL RUDO 72 WP;KG
01-00000909;MANDIPROPAMID REVUS 250 SC;L
01-00001121;MANGANESO MN EDTA;KG
01-00000281;MANGANESO SULFATO DE MANGANESO;KG
01-00000876;MANVERT MOVILI-CA;KG
01-00000875;MANVERT SULPHOS;L
01-00000519;MAT. ORGANICA EXTRACTO VEGET. FITOBOLIC;L
01-00000749;MATERIA ORGANICA BIOAMINO-L;L
01-00001192;MATERIA ORGANICA CARBON ACTIVADO;L
01-00000739;MATERIA ORGANICA MILLERPLEX;L
01-00001118;MATERIA ORGANICA VELLHUMUS;L
01-00000968;MATERIA VEGETAL KRISSY;UND
01-00000721;MATERIAL VEGETAL BLACK MOON;UND
01-00000722;MATERIAL VEGETAL CARLITA;UND
01-00001220;MATRINE 0.36% ARAKFIN;L
01-00000282;MATRINE BAICEN;L
01-00000779;MATRINE L’SUKHA-AG;L
01-00000657;MEDIO CULTIVO MURASHIGE & SKOOG;KG
01-00000283;MELAZA PRESENTACION KILO;KG
01-00000284;MELAZA PRESENTACION LITRO;L
01-00000285;METABISULFITO DE POTASIO;KG
01-00001172;METABISULFITO SODICO INTER OXW 404S;KG
01-00000286;METALAXIL FITOKLIN;KG
01-00000802;METALAXIL+FOSETIL ALUMINIO CORSARIO WP;KG
01-00000908;METALAXYL + MANCOZEB HIELOXIL MIX 72;KG
01-00000406;METALAXYL+MANCOZEB RIDOMIL GOLD 68WP;KG
01-00000527;METALAXYL+OXICLORURO COB VACOMIL PLUS 50;KG
01-00000287;METAMIIDOPHOS TAMARON;L
01-00000677;METARHIZIUM ANISOLIPAE;UND
01-00000288;METARHIZIUM ANISOPLAE;UND
01-00000289;METARHIZIUM ANISOPLIAE;UND
01-00000290;METARHIZIUM ANISOPLIAE METARHISOL;KG
01-00000970;METHOMYL CAPEMIL 90 SP;KG
01-00000291;METHOMYL DETHOMIL 90 PS;KG
01-00000292;METHOMYL KUROMIL 90 PS;KG
01-00000293;METHOMYL LANNAFARM 90;KG
01-00000294;METHOMYL LANNATE;KG
01-00000295;METHOMYL METHOMEX;KG
01-00000296;METHOMYL METIOCARB-90;KG
01-00000297;METHOMYL NALA - T;KG
01-00000742;METHOMYL SPOCK;KG
01-00000620;METHOMYL SPOCK 90;KG
01-00000298;METHOXYFONOZOIDE INTREPID 2F;L
01-00000299;METIDATION SUPRACID 40 WP;KG
01-00000301;METRAFENONA VIVANDO;L
01-00000302;MICLOBUTANIL SUPERBUTAXIL 400WP;KG
01-00000905;MICROCAT BORO MOLIBDENO;L
01-00000946;MICROCAT CALCIO-BORO;L
01-00001044;MICROCAT MAGNESIO;L
01-00000896;MICROCAT MIX;L
01-00000931;MICROCAT ZINC;L
01-00000897;MICROCAT ZINC-MANGANESO;L
01-00000303;MICROELEMENTOS HIERRO QUELATOS EDDHA;KG
01-00000304;MICROELEMENTOS HIERRO QUELATOS THIS;KG
01-00000305;MICROELEMENTOS MICROFOL COMBI - BL1;KG
01-00001183;MICROORGANISMOS BENEFICOS THD;L
01-00000813;MIEL DE ABEJA;KG
01-00000778;MILBEMECTIN MILBEKNOCK 1% EC;L
01-00001062;MILKURE K2O;KG
01-00000857;MOLIBDATO AMONIO TETRAHIDRATADO MOLIZAN;KG
01-00000306;MOLIBDENO MOLIBDATO DE AMONIO;KG
01-00000307;MOLIBDENO MOLIBDATO DE AMONIO ESENFOL TR;KG
01-00000308;MOLIBDENO MOLIBDATO DE AMONIO MOVAXION;L
01-00000874;MORILEC 360;L
01-00000565;MUSGO GRANDE;KG
01-00000309;MYCLOBUTANIL MICLOBUTÁN;KG
01-00000569;MYCLOBUTANIL MYCLOMEX 400WP;KG
01-00000310;MYCLOBUTANIL SYSTHANE 40%WP;KG
01-00000311;MYCOUP - MICORRIZAS;KG
01-00001045;NATURQUEL MG;L
01-00000988;NEMATODOS HETERORRABDITIS;KG
01-00000841;NEOXAMYL 240 SL;L
01-00000769;NISSORUM;KG
01-00000312;NITRATO DE AMONIO;KG
01-00001142;NITRATO DE CALCIO LIQUIDO;L
01-00000775;NITRATO DE POTASIO ACIDO;KG
01-00000313;NITRATO DE ZINC;L
01-00000314;NITROGENO ENTEC 26;KG
01-00000315;NITROGENO NOVATEC SOLUB 21;KG
01-00000748;NITROGENO PANTERA NITRUM 22 LB;L
01-00000316;NITROGENO SULFATO DE AMONIO;KG
01-00001182;NITROGENO TOTAL Y ORGANICO HEMOSTAR;L
01-00000573;NITROGENO ULBU;KG
01-00000317;NITROGENO UREA;KG
01-00000318;NITROGENO UREA CORON;L
01-00000319;NITROGENO UREA DE BAJO BIURET;KG
01-00000809;NOCTOVI;L
01-00000320;NUCLEO AGENIASPIS CITRICOLA;UND
01-00000551;NUCLEO CHRYSOPERLA CARNEA;UND
01-00000321;NUCLEO DE CRYPTOLAEMUS (INSECTOS);UND
01-00000821;NUCLEO DE CRYPTOLAEMUS MONTROUZIERI;MIL
01-00000322;NUCLEO DE SYMPHEROBIUS;UND
01-00000323;NUCLEO METAPHYCUS;UND
01-00000768;MAXI-GROW;L
01-00000324;NUCLEO STETHORUS SPP;UND
01-00000593;NUMATRIC;L
01-00000325;NUTRI MAGNESIO PLUS;L
01-00000326;OMEX FIERRO;L
01-00000583;OMEX SW7 65 SL;L
01-00000770;OPTIMUS;L
01-00000924;ORTOSOL 6500;L
01-00000327;OXADIAZON RONSTAR 25 EC;L
01-00000902;OXAMILO OXAMANTE;L
01-00001117;OXAMYL ARPON;L
01-00001139;OXAMYL VIDACROP 240 SL;L
01-00000328;OXICLORURO DE COBRE COBOX;KG
01-00000329;OXICLORURO DE COBRE CUPRAVIT;KG
01-00000330;OXICLORURO DE COBRE ROXICOP;KG
01-00001148;OXIDO DE CALCIO FLOCUCAL;KG
01-00000891;OXIDO DE CALCIO MANVERT WIN-CA;L
01-00000274;OXIDO DE MAGNESIO MAGNESITA;KG
01-00000975;OXIDO DE POTASIO MYR POTASIO;L
01-00000877;OXIDO DE SILICIO MANVERT SILIKON;L
01-00000737;OXIDO DE ZINC ZINTRAC 700;L
01-00000331;OXIDO NONYL FENOL ETILENO ADERAL;L
01-00000332;OXIDO POTASIO;KG
01-00000333;OXIFLUORFEN GOAL 2 EC;L
01-00000334;OXIRANE + SILWET KINETIC;L
01-00001061;P-ANISALDEHIDO THRIP ATTRACTANT LURE;PQT
01-00000848;P’LAQUERESA-AG MIX;L
01-00000335;PACLOBUTRAZOL PACLO - AG;L
01-00000577;PACLOBUTRAZOL PACZOL 250 SC;L
01-00001036;PAECILOMYCES FUMOSOROSEUS BIOFUM;L
01-00000336;PAECILOMYCES FUMOSOROSEUS FUMOGAN;KG
01-00000828;PAECILOMYCES FUMOSOROSEUS SUCCESOR SC;L
01-00000337;PAECILOMYCES LILACINUS;KG
01-00000338;PAECILOMYCES LILACINUS BIOSTAT;KG
01-00000339;PAECILOMYCES LILACINUS NEMAKONTROL;KG
01-00000340;PAECILOMYCES LILACINUS NEMATA;L
01-00000676;PAELOMYCES LILACINUS;UND
01-00000341;PAJA DE ARROZ;M3
01-00000342;PAJA DE ARROZ EN FARDO;UND
01-00000807;VIRUS POLIEDROSIS NUCLEAR EN VIVO SC;L
01-00001059;PAJA DE HOJA DE CAÑA;HA
01-00001187;PAJA DE HOJA DE CAÑA;T
01-00000827;PANTERA TRASLLADEN MoB;L
01-00000343;PARAQUAT CRISQUAT 24 CS;L
01-00001222;PARAQUAT DICHLORIDE KILLER;L
01-00000344;PARAQUAT GRAMOXONE SUPER;L
01-00000345;PARAQUAT SUPER HERBOX;L
01-00000346;PARAQUAT WESTQUAT;L
01-00000696;PASTA CICATRIZANTE TURO SANI PODA;KG
01-00001188;PATRON DE PALTO FAIR CHILD;UND
01-00000538;PATRON FREEDOM;UND
01-00000526;PATRON FREEDOM VARIEDAD F13;UND
01-00000347;PATRON FREEDOM VARIEDAD PEDREGAL;UND
01-00000524;PATRON FREEDOM VARIEDAD RED GLOBE;UND
01-00000525;PATRON FREEDOM VARIEDAD RED SEEDLESS;UND
01-00000537;PATRON SALT CREEK;UND
01-00000533;PATRON SALT CREEK VARIEDAD F13;UND
01-00000348;PATRON SALT CREEK VARIEDAD RED GLOBE;UND
01-00000532;PATRON SALT CREEK VARIEDAD RED SEEDLESS;UND
01-00001167;PEGAMENTO ARBORICOLA PEGAFIT;L
01-00000899;PEROXIDO DE HIDROGENO AQUAZIX E52;KG
01-00000665;PHEROGEN PLACIT;UND
01-00000664;PHEROGEN PLAFIC;UND
01-00000349;PHOS MAX;L
01-00000350;PHYTON 27;L
01-00000649;PIRIMOR PIRIMICARB;KG
01-00001113;PIRIPROXIFENO D-CANTO 100EC;L
01-00000351;PIX;L
01-00000611;PLANOCOCCUS CITRI LURE;UND
01-00001000;PLANTA DE UVA CANDY SNAPS / SALT CREEK;UND
01-00000917;PLANTA DE UVA JACKS SALUTE / SALT CREEK;UND
01-00000704;PLANTA ALLISON /SALT CREEK-COMPENSACION;UND
01-00000595;PLANTA DE ARANDANO BILOXI;UND
01-00000596;PLANTA DE ARANDANO EMERALD;UND
01-00000597;PLANTA DE ARANDANO SNOWCHASER;UND
01-00000598;PLANTA DE ARANDANO SPRINGHIGH;UND
01-00000594;PLANTA DE ARANDANO VENTURA;UND
01-00000352;PLANTA DE CITRICO CLEOPATRA;UND
01-00000353;PLANTA DE LIMON RUGOSO;UND
01-00001159;PLANTA DE LIMON SUTIL;UND
01-00000354;PLANTA DE MANDARINA SATS-OW S/PATRON CLE;UND
01-00000355;PLANTA DE MANDARINA WM S/PATRON C-35;UND
01-00000356;PLANTA DE MANDARINA WM S/PATRON LIMON RU;UND
01-00000357;PLANTA DE MANDARINA WM S/PATRON MACROPHY;UND
01-00001158;PLANTA DE MANGO EDWARD;UND
01-00001157;PLANTA DE MANGO KENT;UND
01-00000895;PLANTA DE PALTA - PATRONES ANTILLANOS;UND
01-00000717;PLANTA DE PALTA ETINGER/ASHDOD;UND
01-00000715;PLANTA DE PALTA ETINGER/DEGANIA;UND
01-00000713;PLANTA DE PALTA ETINGER/ZEREFIN 99;UND
01-00000358;PLANTA DE PALTA FUERTE;UND
01-00000359;PLANTA DE PALTA HASS;UND
01-00000675;PLANTA DE PALTA HASS ZUTANO;UND
01-00000637;PLANTA DE PALTA HASS/ASHDOD;UND
01-00000636;PLANTA DE PALTA HASS/DEGANIA;UND
01-00000635;PLANTA DE PALTA HASS/ZEREFIN 99;UND
01-00000702;PLANTA DE PALTA HASS/ZIFRIN;UND
01-00000360;PLANTA DE PALTA ZUTANO / ANTILLANO;UND
01-00000992;PLANTA DE PALTA ZUTANO / ZUTANO;UND
01-00000718;PLANTA DE PALTA ZUTANO/ASHDOD;UND
01-00000716;PLANTA DE PALTA ZUTANO/DEGANIA;UND
01-00000638;PLANTA DE PALTA ZUTANO/ETINGER;UND
01-00000714;PLANTA DE PALTA ZUTANO/ZEREFIN 99;UND
01-00001081;PLANTA DE UVA AUTUMNCRISP;UND
01-00001124;PLANTA DE UVA BEBOP TM SALT CREECK;UND
01-00000919;PLANTA DE UVA CANDY HEART / FREEDOM;UND
01-00000606;PLANTA DE UVA COTTON CANDY / FREEDOM;UND
01-00000829;PLANTA DE UVA G-5 / FREEDOM;UND
01-00001165;PLANTA DE UVA GG536 SALTCREEK;UND
01-00001164;PLANTA DE UVA GG560 SALTCREEK;UND
01-00001163;PLANTA DE UVA GG60 SALTCREEK;UND
01-00001152;PLANTA DE UVA JULEP TM SALT CREECK;UND
01-00000893;PLANTA DE UVA K-2 / FREEDOM;UND
01-00001082;PLANTA DE UVA KRISSY / FREEDOM;UND
01-00000363;PLANTA DE UVA MAGENTA / HARMONY;UND
01-00001115;PLANTA DE UVA SABLE SEEDLESS SALTCREEK;UND
01-00000918;PLANTA DE UVA SWEET MAGIC / FREEDOM;UND
01-00000607;PLANTA DE UVA SWEET SAPPHIRE / FREEDOM;UND
01-00001153;PLANTA DE UVA TORCH TM SALT CREECK;UND
01-00000682;PLANTA F15/FREEDOM;UND
01-00000652;PLANTA JACKS SALUTE / FREEDOM;UND
01-00000719;PLANTA PALTA CLONAL ETINGER/ZEREFIN 99;UND
01-00000711;PLANTA PALTA CLONAL HASS/ZEREFIN 99 ;UND
01-00000712;PLANTA PALTA CLONAL ZUTANO/ZEREFIN 99;UND
01-00000364;PLANTA PARA JARDIN;UND
01-00000562;PLANTA SHEEGENE 13 (TIMCO) / FREEDOM;UND
01-00000563;PLANTA SHEEGENE 13 (TIMCO) / SALTCREEK;UND
01-00000362;PLANTA SHEEGENE 2 (TIMPSON) / FREEDOM;UND
01-00000572;PLANTA SHEEGENE 2 (TIMPSON) / SALTCREEK;UND
01-00000632;PLANTA SHEEGENE 20 (ALLISON) / FREEDOM;UND
01-00000631;PLANTA SHEEGENE 20 (ALLISON)/SALT CREEK;UND
01-00000553;PLANTA SHEEGENE 20 CV/FREEDOM 1 BARBADAS;UND
01-00000554;PLANTA SHEEGENE 20 CV/FREEDOM 2 BARBADAS;UND
01-00000361;PLANTA SHEEGENE 3 (MAGENTA) / FREEDOM;UND
01-00000564;PLANTA SHEEGENE 3 (MAGENTA) / SALTCREEK;UND
01-00000365;PLANTACOTE PLUS 6M;KG
01-00000881;PLANTON CEREZO BROOKS / MAXMA DELBAR 14;UND
01-00000879;PLANTON CEREZO LAPINS / MAXMA DELBAR 14;UND
01-00000882;PLANTON CEREZO REGINA/MAXMA DELBAR 14;UND
01-00000883;PLANTON CEREZO REGINA/MAXMA DELBAR 14;UND
01-00000880;PLANTON CEREZO SANTINA / MAXMA;UND
01-00000756;PLUSTRAP LIQUIDO;L
01-00000366;POCHONIA CHLAMYDOSPORIA;KG
01-00000367;POET (BOTELLA X 235 ML);UND
01-00000368;POET (BOTELLA X 295 ML);UND
01-00000369;POET (BOTELLA X 325 ML);UND
01-00000370;POET (BOTELLA X 3800 ML);UND
01-00000371;POET (BOTELLA X 580 ML);UND
01-00000372;POET (BOTELLA X 900 ML);UND
01-00000814;POLEN;KG
01-00000373;POLIOXIN B ORBITT;KG
01-00000374;POLIOXINA AL 50% POLAR;KG
01-00000375;POLIOXINA B AL 10% POLYMAX WP;KG
01-00000940;POLISULFATO;KG
01-00000630;POLISULFURO DE CALCIO 29%;KG
01-00001131;POLISULFURO DE CALCIO POLISULFUCRON 34%;L
01-00000757;POLVO MOJABLE ACTIUM WP;KG
01-00000376;POLYETHER-POLYMETHYLSILOXANO MAXI COVER;L
01-00000377;POLYETHER-POLYMETHYSILOXANE BREAK THRU;L
01-00000378;POTASIO NITROGENO NITRATO DE POTASIO;KG
01-00000379;POTASIO SULFATO DE POTASIO ULTRASOL SOP;KG
01-00000835;POWERMAX;L
01-00000380;PRO PHYT;L
01-00000381;PRO PHYT ACAROS;L
01-00001001;PROCHLORAZ CADETE 45 EC;L
01-00000683;PROCHLORAZ NIAGARA 45 CE;L
01-00000382;PROCLORAZ SUPERAZ 45 EC;L
01-00000627;PROFENOFOS OCAREN;L
01-00000383;PROFENOFOS SELECRON 500 EC;L
01-00000384;PROMOTOR RADICULAR RADIX;L
01-00000703;PROMOTOR RADICULAR RYZAGRUM;L
01-00000613;PROPAMOCARB FENAMIDONE CONSENTO 450 SC;L
01-00000617;PROPAMOCARB-FLUOPICOLIDE INFINITO 688 SC;L
01-00000618;PROPAMOCARB-FOSETY PREVICUR ENERGY;L
01-00000621;PROPINEB + CYMOXANIL FITORAZ 76%;KG
01-00000385;PROPINEB ANTRACOL;KG
01-00001217;PROPINEB CYMOXANIL HELIOS 76% PM;KG
01-00000386;PROPINEB IPROBALICARB POSITRON 69 PM;KG
01-00000534;PROPINEB PROPISIL 700PM;KG
01-00000867;PROTEINA FUNCIONAL STICK APPLY;L
01-00000388;PROTEINA HIDROLIZADA BUMINAL;L
01-00000666;PROTEINA HIDROLIZADA CAPTURE;L
01-00000389;PROTEINA HIDROLIZADA LIQUIDA A-1;L
01-00001099;PROTEINA HIDROLIZADA PROTRAP 200;L
01-00001079;PROTOAUXINA RYZO STAR;L
01-00001074;PROTOCITOQUININA CYTOSTAR;L
01-00000901;PUELCHE-VTO WP;KG
01-00000745;PYRACLOSTROBIN DIMETHOMORPH ILUSTRE;KG
01-00000650;PYRACLOSTROBIN ELAND WG;KG
01-00000390;PYRACLOSTROBIN HEADLINE PRO;L
01-00000853;PYRIMETHANIL DALAC 400 SC;L
01-00001179;PYRIMETHANIL GRAVITY 500 WG;KG
01-00000391;PYRIMETHANIL SCALA 40 SC;L
01-00001175;PYRIOFENONE PROPERTY 300 SC;L
01-00000392;PYRIPROXIFEN EPINGLE;L
01-00001109;QUELATO AMINOACIDO METALOSATE MAGNESIO;L
01-00000393;QUELATO DE AMINOACIDO METALOSATE BORO;L
01-00000394;QUELATO DE AMINOACIDO METALOSATE CALCIO;L
01-00000395;QUELATO DE AMINOACIDO METALOSATE COBRE;L
01-00000396;QUELATO DE AMINOACIDO METALOSATE ZINC;L
01-00000397;QUELATO DE HIERRO BASAFER PLUS;KG
01-00001123;QUELATO DE HIERRO FERRUM;KG
01-00001096;QUELATO DE HIERRO NATURQUEL-FE EVOLUTION;KG
01-00000398;QUELATO DE MANGANESO;KG
01-00000399;QUELATO DE ZINC;KG
01-00000400;QUELATO GREENZIT CALCIO;L
01-00001161;QUELATOS THIS MICROMIX;KG
01-00000599;QUESO FRESCO;KG
01-00001089;QUITOSANO BIO BG-MOSS;L
01-00000801;QUITOSANO BIOCRECE;L
01-00000401;QUITOSANO BIOPLUS;L
01-00001129;QUITOSANO BIOTERRATOP 6.0%;L
01-00000402;RASTROJO DE FREJOL;M3
01-00000403;RASTROJO DE MAIZ;M3
01-00000404;RATAPLUN;KG
01-00000673;REQUIEM PRIME EC 152,3;L
01-00000405;REQUIFLOC PWG-825;KG
01-00000407;RNA SPREADER BINDER;L
01-00000408;RODAMINA B-500%;KG
01-00000409;ROOT HOR;L
01-00000410;ROTENONA;KG
01-00000411;RUTER AA;L
01-00000559;RYZOGEN SL;L
01-00000412;SABOURAUD DEXTROSE - AGAR P/HONGOS;KG
01-00000508;SACAROSA AZUCAR RUBIA;KG
01-00000514;SAFE CONTROL;L
01-00000690;SAL DE DIMETILAMINA AMINACRYS 720 CS;L
01-00000413;SAL INDUSTRIAL GRUESA;KG
01-00000646;SAL TETRASODICA EDTA 4 NA TEC;KG
01-00000414;SAL TETRASODICA EDTA DISSOLVINE;KG
01-00000415;SAL TETRASODICA EDTA TRILON B;KG
01-00000995;SALES CARBONATADAS PROTECT;KG
01-00000416;SANGRE;UND
01-00000771;SANMITE;KG
01-00001193;SAPONINA (EXTRACTO DE VEGETALES) NEMAWAR;L
01-00000417;SAPONINAS QL AGRI 35;L
01-00000418;SEMILA DE CROTALARIA;KG
01-00000419;SEMILLA DE ALFAFA;KG
01-00000420;SEMILLA DE AVENA;KG
01-00000861;SEMILLA DE CAMOTE;UND
01-00000421;SEMILLA DE CEBADA;KG
01-00000422;SEMILLA DE LIMON RUGOSO;UND
01-00000423;SEMILLA DE MAIZ;KG
01-00000602;SEMILLA DE MAIZ HIBRIDO DK-399;UND
01-00000985;SEMILLA DE MAIZ MARGINAL CURADO;KG
01-00000425;SEMILLA DE PALTA ZUTANO;UND
01-00000426;SEMILLA DE PAPAYA;KG
01-00000964;SEMILLA DE PIMIENTO BAYONET;BOL
01-00000629;SEMILLA DE SARANDAJA;KG
01-00000427;SEMILLA DE SORGO;KG
01-00000428;SEMILLA DE TOMATE;KG
01-00000429;SEMILLA DE ZAPALLO;KG
01-00000780;SEMILLA FREJOL DE PALO;KG
01-00000984;SEMILLA HIBRIDA DE MAIZ PIONEER P4039;KG
01-00000987;SEMILLA HIBRIDA DE MAIZ PIONEER P4039;BOL
01-00000622;SILICATO DE MAGNESIO MALLA 325;KG
01-00001063;SILICIO SICALE;KG
01-00000965;SILICIO SILIXFORTE;L
01-00000659;SILICON-AG;L
01-00000590;SILIFORCE;L
01-00000670;SILIFORCE;KG
01-00001016;SILOXYHEPTA METHYL COVER KLING;L
01-00000430;SODIAL;L
01-00000431;SODIO HIDROXIDO DE SODIO SOLUC. (0.1 N);UND
01-00000432;SOLUCION BUFFER PH 7.01 JT BAKER;L
01-00000433;SOLUCION DE FENOLFTALEINA AL 1%;L
01-00000701;SOLVESSO KARATHANE GOLD;L
01-00000434;SOONNER;L
01-00001027;SPIDM;L
01-00000435;SPINETORAM ABSOLUTE 60 SC;L
01-00000436;SPINOSAD GF120;L
01-00000437;SPINOSAD TRACER 120 SC;L
01-00000686;SPIRAXAMINE PLATTFORM 550 EC;L
01-00000993;SPIRODICLOFEN + ABAMECTINA TOPADOR PLUS;L
01-00000925;SPIRODICLOFEN CHOQUE;L
01-00000438;SPIRODICLOFEN ENVIDOR;L
01-00000439;SPIRODICLOFEN SPIRAL;L
01-00000440;SPIRODICLOFEN SPIROSIL 250 SC;L
01-00000540;SPIRODICLOFEN TOPADOR SC240;L
01-00001135;SPIRODICLOFEN Y HEXYTHIAZOX REALKILL;L
01-00000806;SPIROMESIFEN OBERON 240 SC;L
01-00000892;SPIROSIL GOLD 375 SC;L
01-00000441;SPIROTETRAMAT MOVENTO 150 OD;L
01-00001145;SPIROTETRAMAT MOVENTO 240 SC;L
01-00000442;SPIROXAMINA PROSPER;L
01-00000662;SPIROXAMINE TEPPEKI;KG
01-00000443;SPORTAK 45 CE;L
01-00000708;STAEHLER CG 80 CIRAGREF CERA BLANCA;KG
01-00000444;STIKEM PEGAMENTO PARA MOSCA EN KILO;KG
01-00000445;STROBILURINA KRESOXIN METIL STROBY DF;KG
01-00000446;STROBILURINA TRIFLOXYSTROBIN FLINT 50 WG;KG
01-00000447;STUNT 35SC;L
01-00000788;SUGAR EXPRESS 4+10+40;KG
01-00001156;SULFATO COBRE PENTAHIDRATADO INDUC-DEF;L
01-00000531;SULFATO DE COBRE CROPFIELD SULPENTA 27;L
01-00000448;SULFATO DE COBRE FERTIL COOPER;L
01-00000660;SULFATO DE COBRE PENTAHID. ANTIBAC 540 W;KG
01-00000643;SULFATO DE COBRE PENTAHIDRATADO GENUIN;L
01-00000556;SULFATO DE COBRE PENTAHIDRATADO PHYTOP;L
01-00000449;SULFATO DE POTASIO ESTÁNDAR SOLUBLE;KG
01-00001146;SULFATO DE POTASIO GRANULAR;KG
01-00000450;SULFATO FERROSO HEPTAHIDRATADO;KG
01-00000942;SULFATO MAGNESIO MONOHIDRATADO KIESERITA;KG
01-00000523;SULPOMAG;KG
01-00000528;SUN BLOCK;KG
01-00000451;SUPER K;L
01-00000772;SUPER K;L
01-00000452;SUPER SOIL;L
01-00000581;SWITCH 62.5 WG;KG
01-00000773;SYNERGIZER (N8-P32-K4);L
01-00000453;TALCO INDUSTRIAL;KG
01-00001060;TEBUCONAZOLE + AZOXYSTROBIN EPICO 750 WG;KG
01-00000454;TEBUCONAZOLE + TRIFLOXYSTROBIN NATIVO;KG
01-00000455;TEBUCONAZOLE FOLICUR 25EW;L
01-00000456;TEBUCONAZOLE HORIZON;KG
01-00000457;TEBUCONAZOLE ORION 25EW;L
01-00000458;TEBUCONAZOLE ORIUS 430;L
01-00001034;TEBUCONAZOLE TEBUSAC 25 EW;L
01-00000503;TEBUCONAZOLE VERTICAL 250 WP;L
01-00000576;TEBUCONAZOLE VERTICAL 250 WP;KG
01-00000459;TECFER;KG
01-00000460;TEMOCID PEGAMENTO PARA MOSCA EN LITRO;L
01-00000461;TERRA SORB RADICULAR;L
01-00000462;TETRABORATO DE SODIO DECAHIDRATADO BORAX;KG
01-00000678;TETRACICLINA 500 MG;CJ
01-00000463;THIABENDAZOLE MERTECT 500SC;L
01-00000951;THIABENDAZOLE RELIKIA;L
01-00001032;THIABENDAZOLE TAKLE;L
01-00000464;THIACLOPRID CALYPSO 480 SC;L
01-00000873;THIAMETHOXAM + LAMBDACYHALOTHRIN PHASMA;L
01-00000465;THIAMETHOXAM ACTUP 25 WG;KG
01-00000732;THIAMETHOXAM LAMBDA-CYHALOTHRIN RAPAZ;L
01-00001091;THIAMETHOXAM SINCHI;KG
01-00000626;THIAMETHOXAM VIVORAL 25 WG;KG
01-00001184;THIAMETHOXAM+LAMDA-CYHALOTHRIN LETALAZO;L
01-00000466;THIDIAZURON CENTELLA SC50;L
01-00000467;THIODICARB LARVIN;L
01-00000468;THIODICARB SEMEVIN 350 SC X 200 CC;L
01-00000469;TIAMETOXAM ACTARA 25WG;KG
01-00001219;TIAMETOXAM EXCIPIENTES CHUSPISOL 10 WG;KG
01-00000470;TIERRA AGRICOLA;UND
01-00000471;TIOFANATE METIL CERCOBIN M;KG
01-00000472;TIOFANATE METIL TIRAM HOMAI WP;KG
01-00001166;TIOSULFATO DE CALCIO CATS;L
01-00000473;TIZA MES;KG
01-00000474;TOLCLOFOS METIL TIRAM RHIZOLEX T;KG
01-00001125;TOLFENPYRAD OMI 88;L
01-00000475;TORTA DE SOYA;KG
01-00000476;TOTORA;M3
01-00000477;TOTORA EN PAQUETES;UND
01-00000811;TRASLOCADOR POTASIO - FOSFORO;L
01-00000478;TRIADA-IN;L
01-00000479;TRIADIMEFON BAYLETON 250 EC;L
01-00000950;TRIADIMENOL VYDAN 250 EC;L
01-00000480;TRIADIMINOL BAYFIDAN 250 DC;L
01-00000481;TRICHLORPHON DIATREX;KG
01-00000482;TRICHODERMA HARZIANUM;KG
01-00000996;TRICHODERMA HARZIANUM,VIRIDE VALERY PLUS;KG
01-00001171;TRICHODERMA SP;L
01-00000483;TRICHODERMA TRIPLE ACTIVADO 3TAC;KG
01-00000484;TRICHODERMA VIRIDE;KG
01-00000697;TRIETANOLAMINA KLEEN MCT 515;KG
01-00000642;TRIFLUMIZOLE TRECKER;KG
01-00000485;TRIFLUMIZOLE TRIFMINE 30% PM;KG
01-00000486;TRIFLUMURON STARYCIDE SC480;KG
01-00000816;TRIGO;KG
01-00000487;TRILOGY 70;L
01-00000488;TRIMEDLURE SOLIDO;UND
01-00000644;TRIPHENYLMETHANE BLUE POINT;L
01-00000782;TRISILOXANO ETOXILADO EASYWAY;L
01-00000927;TRISILOXANO ETOXILADO PROXY;L
01-00000604;TRITEK 80% EW;L
01-00001038;TURBA KLAMIX 55;L
01-00000566;TURBA RUBIA FINA;L
01-00000489;ULTRA PLAF HORMIGUICIDA;UND
01-00000490;ULTRAFERRO;KG
01-00000914;ULTRASOL CALCIUM;KG
01-00001107;ULTRASOL CALCIUM 33;KG
01-00000955;ULTRASOL ESPECIAL 8 - 1.9 -12+MGO;KG
01-00000961;ULTRASOL ESPECIAL 1 - A6;KG
01-00001051;ULTRASOL ESPECIAL 1 - L2;KG
01-00001004;ULTRASOL ESPECIAL 1 - L36;KG
01-00001005;ULTRASOL ESPECIAL 1 - L40;KG
01-00001056;ULTRASOL ESPECIAL 1 - LOS BRUJOS;KG
01-00000957;ULTRASOL ESPECIAL 11.3 - 2.3 - 36.9 +MGO;KG
01-00000962;ULTRASOL ESPECIAL 2 - A6;KG
01-00000977;ULTRASOL ESPECIAL 2 - L 36;KG
01-00001052;ULTRASOL ESPECIAL 2 - L2;KG
01-00001006;ULTRASOL ESPECIAL 2 - L40;KG
01-00001057;ULTRASOL ESPECIAL 2 - LOS BRUJOS;KG
01-00000958;ULTRASOL ESPECIAL 2.2 - 2.3 - 38.2 +MGO;KG
01-00000976;ULTRASOL ESPECIAL 3 - A6;KG
01-00000978;ULTRASOL ESPECIAL 3 - L 36;KG
01-00000979;ULTRASOL ESPECIAL 3 - L 40;KG
01-00001053;ULTRASOL ESPECIAL 3 - L2;KG
01-00001058;ULTRASOL ESPECIAL 3 - LOS BRUJOS;KG
01-00000959;ULTRASOL ESPECIAL 3.0 - 7.4 - 28.6 +MGO;KG
01-00000986;ULTRASOL ESPECIAL 4 - A6;KG
01-00000980;ULTRASOL ESPECIAL 4 - L 36;KG
01-00000981;ULTRASOL ESPECIAL 4 - L 40;KG
01-00001054;ULTRASOL ESPECIAL 4 - L2;KG
01-00000989;ULTRASOL ESPECIAL 5 - A6;KG
01-00001055;ULTRASOL ESPECIAL 5 - L2;KG
01-00001003;ULTRASOL ESPECIAL 5 - L36;KG
01-00001002;ULTRASOL ESPECIAL 5 - L40;KG
01-00000956;ULTRASOL ESPECIAL 6.2- 8.3-26.6+MGO;KG
01-00001014;ULTRASOL ESPECIAL FASE 2 FORMACION A-6;KG
01-00001019;ULTRASOL ESPECIAL FASE 3 FORMACION A-6;KG
01-00001114;ULTRASOL ESPECIAL FORMACION;KG
01-00001112;ULTRASOL ESPECIAL FORMACION FASE 1;KG
01-00001105;ULTRASOL ESPECIAL FORMACION LOTE 02;KG
01-00001106;ULTRASOL ESPECIAL FORMACION LOTE 36;KG
01-00000912;ULTRASOL FEP 7.5-6.0-21.9-11.4 MGO+S;KG
01-00000911;ULTRASOL FEP 8.9-14-25.3-7.2 MGO+S;KG
01-00000915;ULTRASOL MAGSUL;KG
01-00000916;ULTRASOL MICRO REXENE CU15;KG
01-00000491;ULTRASOL MICRO REXENE FEQ48;KG
01-00001095;ULTRASOL MICRO REXENE FEXQ58;KG
01-00000500;ULTRASOL MICRO REXENE FIERRO 12;KG
01-00000913;ULTRASOL MICRO REXENE MANGANESO;KG
01-00000910;ULTRASOL MICRO REXENE ZINC;KG
01-00000492;UNICONAZOL P-050 SC;L
01-00000648;UNICONAZOLE – P STILL;L
01-00000521;UNICONAZOLE PALAMARRE - AG;L
01-00001073;UNICONAZOLE UNICLAVE;L
01-00001071;UREA SIN BIURET FOLUR;L
01-00001197;UVA IFG NINE JACK'S SALUTE;KG
01-00001196;UVA IFG THREE SWEET CELEBRATION;KG
01-00001093;UVA NEGRA MY;KG
01-00001092;UVA NEGRA MB;KG
01-00001195;UVA RED GLOBE;KG
01-00001194;UVA SHEEGENE 20 ALLISON;KG
01-00001087;UVA SWEET CELEBRATION ;KG
01-00000999;UVA SWEET FAVOR;KG
01-00001110;UVA SWEET GLOBE;KG
01-00000493;VERTICILLUM LECANII;KG
01-00000494;VIGILANTE CUCARACHICIDA;UND
01-00000837;VINAGRE BLANCO;L
01-00000575;VINAZA;KG
01-00000743;WUXAL MAGNESIO;L
01-00000774;YUNKINA-S;L
01-00000815;ZAPALLO;KG
01-00000707;ZINC FLUX ZN;L
01-00001120;ZINC GEL ZN;KG
01-00001154;ZINC MIKROFLOW ZN-75;L
01-00000496;ZINC OXIDO DE ZINC;KG
01-00000941;ZINC RAPIZINC-20;KG
01-00000497;ZINC SULFATO DE ZINC HEPTAHIDRATADO;KG
01-00000498;ZINC SULFATO DE ZINC MONOHIDRATADO;KG
01-00000499;ZOREXA;KG
